id_concert,date_debut,lieu,prix,nb_places_effective,cause,lien_photos,lien_video,espace_exterieur,familiale
1,2022-08-19 23:35:32,1,76.01,659,"Aliquam augue quam, sollicitudin vitae, consectetuer eget, rutrum at, lorem. Integer tincidunt ante vel ipsum. Praesent blandit lacinia erat.",http://blogs.com/gravida/nisi.xml?vel=lectus&lectus=vestibulum&in=quam&quam=sapien&fringilla=varius&rhoncus=ut&mauris=blandit&enim=non&leo=interdum,http://home.pl/ultrices/posuere/cubilia/curae/duis/faucibus.js?leo=nulla&odio=ac&condimentum=enim&id=in&luctus=tempor&nec=turpis&molestie=nec&sed=euismod&justo=scelerisque&pellentesque=quam&viverra=turpis&pede=adipiscing&ac=lorem&diam=vitae&cras=mattis&pellentesque=nibh&volutpat=ligula&dui=nec&maecenas=sem&tristique=duis&est=aliquam&et=convallis&tempus=nunc&semper=proin&est=at&quam=turpis&pharetra=a&magna=pede&ac=posuere&consequat=nonummy&metus=integer&sapien=non&ut=velit&nunc=donec&vestibulum=diam&ante=neque&ipsum=vestibulum&primis=eget&in=vulputate&faucibus=ut&orci=ultrices&luctus=vel&et=augue&ultrices=vestibulum&posuere=ante&cubilia=ipsum&curae=primis&mauris=in&viverra=faucibus&diam=orci&vitae=luctus&quam=et&suspendisse=ultrices,false,true
2,2023-02-11 10:33:22,15,80.32,666,"Pellentesque at nulla. Suspendisse potenti. Cras in purus eu magna vulputate luctus. Cum sociis natoque penatibus et magnis dis parturient montes, nascetur ridiculus mus.",http://tumblr.com/dolor/quis/odio/consequat/varius.jpg?tristique=diam&in=erat&tempus=fermentum&sit=justo&amet=nec&sem=condimentum&fusce=neque&consequat=sapien&nulla=placerat&nisl=ante&nunc=nulla&nisl=justo&duis=aliquam&bibendum=quis&felis=turpis&sed=eget&interdum=elit&venenatis=sodales&turpis=scelerisque&enim=mauris&blandit=sit&mi=amet&in=eros&porttitor=suspendisse&pede=accumsan&justo=tortor&eu=quis&massa=turpis&donec=sed&dapibus=ante&duis=vivamus&at=tortor&velit=duis&eu=mattis&est=egestas&congue=metus&elementum=aenean&in=fermentum&hac=donec&habitasse=ut&platea=mauris&dictumst=eget&morbi=massa&vestibulum=tempor&velit=convallis&id=nulla&pretium=neque&iaculis=libero&diam=convallis&erat=eget&fermentum=eleifend&justo=luctus&nec=ultricies&condimentum=eu&neque=nibh&sapien=quisque&placerat=id&ante=justo&nulla=sit&justo=amet&aliquam=sapien&quis=dignissim&turpis=vestibulum&eget=vestibulum,https://infoseek.co.jp/eget/congue/eget/semper.jpg?at=neque&turpis=aenean&a=auctor&pede=gravida&posuere=sem&nonummy=praesent&integer=id&non=massa&velit=id&donec=nisl&diam=venenatis&neque=lacinia&vestibulum=aenean&eget=sit&vulputate=amet&ut=justo&ultrices=morbi&vel=ut&augue=odio&vestibulum=cras,true,true
3,2023-03-20 12:43:11,14,34.64,830,"Morbi vestibulum, velit id pretium iaculis, diam erat fermentum justo, nec condimentum neque sapien placerat ante. Nulla justo. Aliquam quis turpis eget elit sodales scelerisque. Mauris sit amet eros. Suspendisse accumsan tortor quis turpis. Sed ante. Vivamus tortor.",http://unesco.org/ipsum.xml?in=felis&faucibus=donec&orci=semper&luctus=sapien&et=a&ultrices=libero&posuere=nam&cubilia=dui&curae=proin&nulla=leo&dapibus=odio&dolor=porttitor&vel=id&est=consequat&donec=in&odio=consequat&justo=ut&sollicitudin=nulla&ut=sed&suscipit=accumsan&a=felis&feugiat=ut&et=at&eros=dolor&vestibulum=quis&ac=odio&est=consequat&lacinia=varius&nisi=integer&venenatis=ac&tristique=leo&fusce=pellentesque&congue=ultrices&diam=mattis&id=odio&ornare=donec&imperdiet=vitae&sapien=nisi&urna=nam&pretium=ultrices&nisl=libero&ut=non&volutpat=mattis&sapien=pulvinar&arcu=nulla&sed=pede&augue=ullamcorper&aliquam=augue&erat=a&volutpat=suscipit&in=nulla&congue=elit&etiam=ac&justo=nulla&etiam=sed,https://washingtonpost.com/nisl/duis/bibendum.jpg?leo=sem&rhoncus=duis&sed=aliquam,false,false
4,2022-10-22 17:59:21,4,50.38,958,"Lorem ipsum dolor sit amet, consectetuer adipiscing elit.",http://bing.com/libero.png?erat=mauris&fermentum=sit&justo=amet&nec=eros&condimentum=suspendisse&neque=accumsan&sapien=tortor&placerat=quis&ante=turpis&nulla=sed&justo=ante&aliquam=vivamus&quis=tortor&turpis=duis&eget=mattis&elit=egestas&sodales=metus&scelerisque=aenean&mauris=fermentum&sit=donec&amet=ut&eros=mauris&suspendisse=eget&accumsan=massa&tortor=tempor&quis=convallis&turpis=nulla&sed=neque&ante=libero&vivamus=convallis&tortor=eget&duis=eleifend&mattis=luctus&egestas=ultricies&metus=eu&aenean=nibh&fermentum=quisque&donec=id&ut=justo&mauris=sit&eget=amet&massa=sapien&tempor=dignissim&convallis=vestibulum&nulla=vestibulum&neque=ante&libero=ipsum&convallis=primis,https://dedecms.com/lectus/pellentesque/eget.html?porta=sociis&volutpat=natoque&quam=penatibus&pede=et&lobortis=magnis&ligula=dis&sit=parturient&amet=montes&eleifend=nascetur&pede=ridiculus&libero=mus&quis=etiam&orci=vel&nullam=augue&molestie=vestibulum&nibh=rutrum&in=rutrum&lectus=neque&pellentesque=aenean&at=auctor&nulla=gravida&suspendisse=sem&potenti=praesent&cras=id&in=massa&purus=id&eu=nisl&magna=venenatis&vulputate=lacinia&luctus=aenean&cum=sit&sociis=amet&natoque=justo&penatibus=morbi&et=ut&magnis=odio&dis=cras&parturient=mi&montes=pede&nascetur=malesuada&ridiculus=in&mus=imperdiet&vivamus=et&vestibulum=commodo&sagittis=vulputate&sapien=justo&cum=in&sociis=blandit&natoque=ultrices&penatibus=enim&et=lorem&magnis=ipsum&dis=dolor&parturient=sit&montes=amet&nascetur=consectetuer&ridiculus=adipiscing&mus=elit&etiam=proin&vel=interdum&augue=mauris&vestibulum=non&rutrum=ligula&rutrum=pellentesque&neque=ultrices&aenean=phasellus&auctor=id&gravida=sapien&sem=in,true,true
5,2022-08-24 19:17:07,11,64.83,588,"Quisque ut erat. Curabitur gravida nisi at nibh. In hac habitasse platea dictumst. Aliquam augue quam, sollicitudin vitae, consectetuer eget, rutrum at, lorem. Integer tincidunt ante vel ipsum. Praesent blandit lacinia erat. Vestibulum sed magna at nunc commodo placerat. Praesent blandit.",http://dell.com/platea/dictumst/aliquam/augue/quam/sollicitudin.html?volutpat=ultrices&quam=phasellus&pede=id&lobortis=sapien&ligula=in&sit=sapien&amet=iaculis,https://1688.com/justo.jpg?blandit=eu&lacinia=massa&erat=donec,false,true
6,2022-06-01 05:13:56,10,30.38,923,Aliquam quis turpis eget elit sodales scelerisque. Mauris sit amet eros. Suspendisse accumsan tortor quis turpis. Sed ante. Vivamus tortor. Duis mattis egestas metus. Aenean fermentum. Donec ut mauris eget massa tempor convallis.,https://ox.ac.uk/elementum/nullam/varius/nulla/facilisi/cras/non.js?elit=hendrerit&proin=at&risus=vulputate&praesent=vitae&lectus=nisl&vestibulum=aenean&quam=lectus&sapien=pellentesque&varius=eget&ut=nunc&blandit=donec&non=quis&interdum=orci&in=eget&ante=orci&vestibulum=vehicula&ante=condimentum&ipsum=curabitur&primis=in&in=libero&faucibus=ut&orci=massa&luctus=volutpat&et=convallis&ultrices=morbi&posuere=odio&cubilia=odio&curae=elementum&duis=eu&faucibus=interdum&accumsan=eu&odio=tincidunt&curabitur=in&convallis=leo&duis=maecenas&consequat=pulvinar&dui=lobortis&nec=est&nisi=phasellus&volutpat=sit&eleifend=amet&donec=erat&ut=nulla&dolor=tempus&morbi=vivamus&vel=in&lectus=felis&in=eu&quam=sapien&fringilla=cursus&rhoncus=vestibulum&mauris=proin&enim=eu&leo=mi&rhoncus=nulla&sed=ac&vestibulum=enim&sit=in&amet=tempor&cursus=turpis&id=nec&turpis=euismod&integer=scelerisque&aliquet=quam&massa=turpis&id=adipiscing&lobortis=lorem&convallis=vitae&tortor=mattis&risus=nibh&dapibus=ligula&augue=nec&vel=sem&accumsan=duis&tellus=aliquam&nisi=convallis&eu=nunc&orci=proin&mauris=at&lacinia=turpis&sapien=a&quis=pede&libero=posuere&nullam=nonummy&sit=integer&amet=non&turpis=velit&elementum=donec&ligula=diam&vehicula=neque&consequat=vestibulum&morbi=eget,http://businessweek.com/natoque/penatibus/et/magnis/dis/parturient.png?et=consequat&tempus=metus&semper=sapien&est=ut&quam=nunc&pharetra=vestibulum&magna=ante&ac=ipsum&consequat=primis&metus=in&sapien=faucibus&ut=orci&nunc=luctus&vestibulum=et&ante=ultrices&ipsum=posuere&primis=cubilia&in=curae&faucibus=mauris&orci=viverra&luctus=diam&et=vitae&ultrices=quam&posuere=suspendisse&cubilia=potenti&curae=nullam,false,false
7,2023-02-07 12:28:21,1,79.63,832,In congue. Etiam justo. Etiam pretium iaculis justo. In hac habitasse platea dictumst. Etiam faucibus cursus urna. Ut tellus. Nulla ut erat id mauris vulputate elementum. Nullam varius. Nulla facilisi.,https://chronoengine.com/molestie/nibh.js?rutrum=in&nulla=faucibus&nunc=orci&purus=luctus&phasellus=et&in=ultrices&felis=posuere&donec=cubilia&semper=curae&sapien=donec&a=pharetra&libero=magna&nam=vestibulum&dui=aliquet&proin=ultrices&leo=erat&odio=tortor&porttitor=sollicitudin&id=mi&consequat=sit&in=amet&consequat=lobortis&ut=sapien&nulla=sapien&sed=non&accumsan=mi&felis=integer&ut=ac&at=neque&dolor=duis&quis=bibendum&odio=morbi&consequat=non&varius=quam&integer=nec&ac=dui&leo=luctus&pellentesque=rutrum&ultrices=nulla&mattis=tellus&odio=in&donec=sagittis&vitae=dui&nisi=vel&nam=nisl&ultrices=duis&libero=ac&non=nibh&mattis=fusce&pulvinar=lacus&nulla=purus&pede=aliquet&ullamcorper=at&augue=feugiat&a=non&suscipit=pretium&nulla=quis&elit=lectus&ac=suspendisse&nulla=potenti&sed=in&vel=eleifend&enim=quam&sit=a&amet=odio&nunc=in&viverra=hac&dapibus=habitasse&nulla=platea&suscipit=dictumst&ligula=maecenas&in=ut&lacus=massa,http://diigo.com/nulla.js?fusce=mauris&congue=viverra&diam=diam&id=vitae&ornare=quam&imperdiet=suspendisse&sapien=potenti&urna=nullam&pretium=porttitor&nisl=lacus&ut=at&volutpat=turpis&sapien=donec&arcu=posuere&sed=metus&augue=vitae&aliquam=ipsum&erat=aliquam&volutpat=non&in=mauris&congue=morbi&etiam=non&justo=lectus&etiam=aliquam&pretium=sit&iaculis=amet&justo=diam&in=in&hac=magna&habitasse=bibendum&platea=imperdiet&dictumst=nullam&etiam=orci&faucibus=pede,false,true
8,2022-07-16 09:36:35,19,30.27,822,"Integer pede justo, lacinia eget, tincidunt eget, tempus vel, pede. Morbi porttitor lorem id ligula. Suspendisse ornare consequat lectus.",https://army.mil/gravida/nisi.jsp?nulla=vivamus&ac=in&enim=felis&in=eu&tempor=sapien&turpis=cursus&nec=vestibulum&euismod=proin&scelerisque=eu&quam=mi&turpis=nulla&adipiscing=ac&lorem=enim&vitae=in&mattis=tempor&nibh=turpis&ligula=nec&nec=euismod&sem=scelerisque&duis=quam&aliquam=turpis&convallis=adipiscing&nunc=lorem&proin=vitae&at=mattis&turpis=nibh&a=ligula&pede=nec&posuere=sem&nonummy=duis&integer=aliquam&non=convallis&velit=nunc&donec=proin&diam=at&neque=turpis&vestibulum=a&eget=pede&vulputate=posuere&ut=nonummy&ultrices=integer&vel=non&augue=velit&vestibulum=donec&ante=diam&ipsum=neque&primis=vestibulum&in=eget&faucibus=vulputate&orci=ut&luctus=ultrices&et=vel&ultrices=augue&posuere=vestibulum&cubilia=ante&curae=ipsum&donec=primis&pharetra=in&magna=faucibus&vestibulum=orci&aliquet=luctus&ultrices=et&erat=ultrices&tortor=posuere&sollicitudin=cubilia&mi=curae&sit=donec&amet=pharetra&lobortis=magna&sapien=vestibulum&sapien=aliquet&non=ultrices&mi=erat&integer=tortor&ac=sollicitudin&neque=mi&duis=sit&bibendum=amet&morbi=lobortis&non=sapien&quam=sapien&nec=non&dui=mi&luctus=integer,http://kickstarter.com/massa/tempor/convallis.js?auctor=aliquam&gravida=erat&sem=volutpat&praesent=in&id=congue&massa=etiam&id=justo&nisl=etiam&venenatis=pretium&lacinia=iaculis&aenean=justo&sit=in&amet=hac&justo=habitasse&morbi=platea&ut=dictumst&odio=etiam&cras=faucibus&mi=cursus&pede=urna&malesuada=ut&in=tellus&imperdiet=nulla&et=ut&commodo=erat&vulputate=id&justo=mauris&in=vulputate&blandit=elementum&ultrices=nullam&enim=varius&lorem=nulla&ipsum=facilisi&dolor=cras&sit=non&amet=velit&consectetuer=nec&adipiscing=nisi&elit=vulputate&proin=nonummy&interdum=maecenas&mauris=tincidunt&non=lacus&ligula=at&pellentesque=velit&ultrices=vivamus&phasellus=vel&id=nulla&sapien=eget&in=eros&sapien=elementum&iaculis=pellentesque&congue=quisque&vivamus=porta&metus=volutpat&arcu=erat&adipiscing=quisque&molestie=erat&hendrerit=eros&at=viverra&vulputate=eget&vitae=congue&nisl=eget&aenean=semper&lectus=rutrum&pellentesque=nulla&eget=nunc&nunc=purus&donec=phasellus&quis=in&orci=felis&eget=donec&orci=semper&vehicula=sapien&condimentum=a&curabitur=libero&in=nam&libero=dui&ut=proin&massa=leo&volutpat=odio&convallis=porttitor&morbi=id&odio=consequat&odio=in&elementum=consequat&eu=ut&interdum=nulla&eu=sed&tincidunt=accumsan&in=felis&leo=ut,true,false
9,2022-07-26 21:18:49,9,15.76,756,"Donec semper sapien a libero. Nam dui. Proin leo odio, porttitor id, consequat in, consequat ut, nulla. Sed accumsan felis.",http://myspace.com/dui/vel.js?ultrices=mi&posuere=pede&cubilia=malesuada&curae=in&donec=imperdiet&pharetra=et&magna=commodo&vestibulum=vulputate&aliquet=justo&ultrices=in&erat=blandit&tortor=ultrices&sollicitudin=enim&mi=lorem&sit=ipsum&amet=dolor&lobortis=sit&sapien=amet&sapien=consectetuer&non=adipiscing&mi=elit&integer=proin&ac=interdum&neque=mauris&duis=non&bibendum=ligula&morbi=pellentesque&non=ultrices&quam=phasellus&nec=id&dui=sapien&luctus=in&rutrum=sapien&nulla=iaculis&tellus=congue&in=vivamus&sagittis=metus&dui=arcu&vel=adipiscing&nisl=molestie&duis=hendrerit&ac=at&nibh=vulputate&fusce=vitae&lacus=nisl&purus=aenean&aliquet=lectus&at=pellentesque&feugiat=eget&non=nunc&pretium=donec&quis=quis&lectus=orci&suspendisse=eget&potenti=orci&in=vehicula&eleifend=condimentum&quam=curabitur,http://craigslist.org/praesent/blandit/nam.aspx?volutpat=eu,false,true
10,2022-08-28 17:58:03,16,22.53,891,"Mauris ullamcorper purus sit amet nulla. Quisque arcu libero, rutrum ac, lobortis vel, dapibus at, diam.",https://so-net.ne.jp/vestibulum/ante/ipsum/primis/in/faucibus/orci.xml?nec=mauris&molestie=viverra&sed=diam&justo=vitae&pellentesque=quam&viverra=suspendisse&pede=potenti&ac=nullam&diam=porttitor&cras=lacus&pellentesque=at&volutpat=turpis&dui=donec&maecenas=posuere&tristique=metus&est=vitae&et=ipsum&tempus=aliquam&semper=non&est=mauris&quam=morbi&pharetra=non&magna=lectus&ac=aliquam&consequat=sit&metus=amet&sapien=diam&ut=in&nunc=magna&vestibulum=bibendum&ante=imperdiet&ipsum=nullam&primis=orci&in=pede&faucibus=venenatis&orci=non&luctus=sodales&et=sed&ultrices=tincidunt&posuere=eu&cubilia=felis&curae=fusce&mauris=posuere&viverra=felis,https://hibu.com/vivamus/metus/arcu/adipiscing/molestie/hendrerit/at.aspx?nisi=erat&at=nulla&nibh=tempus&in=vivamus&hac=in&habitasse=felis&platea=eu&dictumst=sapien&aliquam=cursus&augue=vestibulum&quam=proin&sollicitudin=eu&vitae=mi&consectetuer=nulla&eget=ac&rutrum=enim&at=in&lorem=tempor&integer=turpis&tincidunt=nec&ante=euismod&vel=scelerisque&ipsum=quam,true,true
11,2023-05-24 14:12:31,18,71.67,804,In blandit ultrices enim.,https://deliciousdays.com/fringilla.js?quis=consectetuer&augue=adipiscing&luctus=elit&tincidunt=proin&nulla=interdum&mollis=mauris&molestie=non&lorem=ligula&quisque=pellentesque&ut=ultrices&erat=phasellus&curabitur=id&gravida=sapien&nisi=in&at=sapien&nibh=iaculis&in=congue&hac=vivamus&habitasse=metus&platea=arcu&dictumst=adipiscing&aliquam=molestie&augue=hendrerit&quam=at&sollicitudin=vulputate&vitae=vitae&consectetuer=nisl&eget=aenean&rutrum=lectus&at=pellentesque&lorem=eget&integer=nunc&tincidunt=donec&ante=quis&vel=orci&ipsum=eget&praesent=orci&blandit=vehicula&lacinia=condimentum&erat=curabitur&vestibulum=in&sed=libero&magna=ut&at=massa&nunc=volutpat&commodo=convallis&placerat=morbi&praesent=odio&blandit=odio&nam=elementum&nulla=eu&integer=interdum&pede=eu,http://163.com/in/consequat/ut/nulla/sed/accumsan.jsp?nulla=leo&tempus=rhoncus&vivamus=sed&in=vestibulum&felis=sit&eu=amet&sapien=cursus&cursus=id&vestibulum=turpis&proin=integer&eu=aliquet&mi=massa&nulla=id&ac=lobortis&enim=convallis&in=tortor&tempor=risus&turpis=dapibus&nec=augue&euismod=vel&scelerisque=accumsan&quam=tellus&turpis=nisi&adipiscing=eu&lorem=orci&vitae=mauris&mattis=lacinia&nibh=sapien&ligula=quis&nec=libero&sem=nullam&duis=sit&aliquam=amet&convallis=turpis&nunc=elementum&proin=ligula&at=vehicula&turpis=consequat&a=morbi&pede=a&posuere=ipsum&nonummy=integer&integer=a&non=nibh&velit=in&donec=quis&diam=justo,false,false
12,2023-03-08 18:00:59,12,1.12,590,"In blandit ultrices enim. Lorem ipsum dolor sit amet, consectetuer adipiscing elit. Proin interdum mauris non ligula pellentesque ultrices. Phasellus id sapien in sapien iaculis congue. Vivamus metus arcu, adipiscing molestie, hendrerit at, vulputate vitae, nisl. Aenean lectus. Pellentesque eget nunc.",https://seattletimes.com/duis/bibendum/felis.html?purus=semper&phasellus=porta&in=volutpat&felis=quam&donec=pede&semper=lobortis&sapien=ligula&a=sit&libero=amet&nam=eleifend&dui=pede&proin=libero&leo=quis&odio=orci&porttitor=nullam&id=molestie&consequat=nibh&in=in&consequat=lectus&ut=pellentesque&nulla=at&sed=nulla&accumsan=suspendisse&felis=potenti&ut=cras&at=in&dolor=purus&quis=eu&odio=magna&consequat=vulputate&varius=luctus&integer=cum&ac=sociis&leo=natoque&pellentesque=penatibus&ultrices=et&mattis=magnis&odio=dis&donec=parturient&vitae=montes&nisi=nascetur&nam=ridiculus&ultrices=mus,https://wikia.com/praesent/id/massa.jpg?sed=tristique&accumsan=in&felis=tempus&ut=sit&at=amet&dolor=sem&quis=fusce&odio=consequat&consequat=nulla&varius=nisl&integer=nunc&ac=nisl&leo=duis&pellentesque=bibendum&ultrices=felis&mattis=sed&odio=interdum&donec=venenatis&vitae=turpis&nisi=enim&nam=blandit&ultrices=mi&libero=in&non=porttitor&mattis=pede&pulvinar=justo&nulla=eu&pede=massa&ullamcorper=donec&augue=dapibus&a=duis&suscipit=at&nulla=velit&elit=eu&ac=est&nulla=congue&sed=elementum&vel=in&enim=hac&sit=habitasse&amet=platea&nunc=dictumst&viverra=morbi&dapibus=vestibulum&nulla=velit&suscipit=id&ligula=pretium&in=iaculis&lacus=diam&curabitur=erat&at=fermentum&ipsum=justo&ac=nec&tellus=condimentum&semper=neque&interdum=sapien&mauris=placerat&ullamcorper=ante&purus=nulla&sit=justo&amet=aliquam,true,false
13,2023-01-19 21:02:33,1,15.2,805,"Vestibulum sed magna at nunc commodo placerat. Praesent blandit. Nam nulla. Integer pede justo, lacinia eget, tincidunt eget, tempus vel, pede. Morbi porttitor lorem id ligula. Suspendisse ornare consequat lectus. In est risus, auctor sed, tristique in, tempus sit amet, sem. Fusce consequat. Nulla nisl.",https://amazon.de/sapien.png?proin=nullam&risus=sit&praesent=amet&lectus=turpis&vestibulum=elementum&quam=ligula&sapien=vehicula&varius=consequat&ut=morbi&blandit=a&non=ipsum&interdum=integer&in=a&ante=nibh&vestibulum=in&ante=quis&ipsum=justo&primis=maecenas&in=rhoncus&faucibus=aliquam&orci=lacus&luctus=morbi&et=quis&ultrices=tortor&posuere=id&cubilia=nulla&curae=ultrices&duis=aliquet&faucibus=maecenas&accumsan=leo&odio=odio&curabitur=condimentum&convallis=id&duis=luctus&consequat=nec&dui=molestie&nec=sed&nisi=justo&volutpat=pellentesque&eleifend=viverra&donec=pede&ut=ac&dolor=diam&morbi=cras&vel=pellentesque&lectus=volutpat&in=dui&quam=maecenas&fringilla=tristique&rhoncus=est&mauris=et&enim=tempus&leo=semper&rhoncus=est&sed=quam&vestibulum=pharetra&sit=magna&amet=ac&cursus=consequat&id=metus&turpis=sapien&integer=ut&aliquet=nunc&massa=vestibulum&id=ante&lobortis=ipsum&convallis=primis&tortor=in&risus=faucibus&dapibus=orci&augue=luctus&vel=et&accumsan=ultrices&tellus=posuere&nisi=cubilia&eu=curae&orci=mauris&mauris=viverra&lacinia=diam,http://columbia.edu/morbi.json?ipsum=at&dolor=nunc&sit=commodo&amet=placerat&consectetuer=praesent&adipiscing=blandit&elit=nam&proin=nulla&interdum=integer&mauris=pede&non=justo&ligula=lacinia&pellentesque=eget&ultrices=tincidunt&phasellus=eget&id=tempus&sapien=vel&in=pede&sapien=morbi&iaculis=porttitor&congue=lorem&vivamus=id&metus=ligula&arcu=suspendisse&adipiscing=ornare&molestie=consequat&hendrerit=lectus&at=in&vulputate=est&vitae=risus&nisl=auctor&aenean=sed&lectus=tristique&pellentesque=in&eget=tempus&nunc=sit&donec=amet&quis=sem&orci=fusce&eget=consequat&orci=nulla&vehicula=nisl&condimentum=nunc&curabitur=nisl&in=duis&libero=bibendum&ut=felis&massa=sed&volutpat=interdum&convallis=venenatis&morbi=turpis,true,true
14,2023-01-06 02:55:55,9,35.49,852,Integer a nibh. In quis justo. Maecenas rhoncus aliquam lacus.,http://apple.com/diam/neque.json?nisi=at&venenatis=turpis&tristique=a&fusce=pede&congue=posuere&diam=nonummy&id=integer&ornare=non&imperdiet=velit&sapien=donec&urna=diam&pretium=neque&nisl=vestibulum&ut=eget&volutpat=vulputate&sapien=ut&arcu=ultrices&sed=vel&augue=augue&aliquam=vestibulum&erat=ante&volutpat=ipsum&in=primis&congue=in&etiam=faucibus&justo=orci&etiam=luctus&pretium=et&iaculis=ultrices&justo=posuere&in=cubilia&hac=curae&habitasse=donec&platea=pharetra,http://indiegogo.com/tempus/vel/pede/morbi.js?platea=integer&dictumst=tincidunt&etiam=ante&faucibus=vel&cursus=ipsum&urna=praesent&ut=blandit&tellus=lacinia&nulla=erat&ut=vestibulum&erat=sed&id=magna&mauris=at&vulputate=nunc&elementum=commodo&nullam=placerat&varius=praesent&nulla=blandit&facilisi=nam&cras=nulla&non=integer&velit=pede&nec=justo&nisi=lacinia&vulputate=eget&nonummy=tincidunt&maecenas=eget&tincidunt=tempus&lacus=vel&at=pede&velit=morbi&vivamus=porttitor&vel=lorem&nulla=id&eget=ligula&eros=suspendisse&elementum=ornare&pellentesque=consequat&quisque=lectus&porta=in&volutpat=est&erat=risus&quisque=auctor&erat=sed&eros=tristique&viverra=in&eget=tempus&congue=sit&eget=amet&semper=sem&rutrum=fusce&nulla=consequat&nunc=nulla&purus=nisl&phasellus=nunc&in=nisl&felis=duis&donec=bibendum&semper=felis&sapien=sed&a=interdum,true,true
15,2023-05-15 22:08:25,6,77.52,693,Integer ac leo. Pellentesque ultrices mattis odio. Donec vitae nisi.,http://timesonline.co.uk/enim/lorem/ipsum/dolor/sit.json?mauris=viverra&morbi=dapibus&non=nulla&lectus=suscipit&aliquam=ligula&sit=in&amet=lacus&diam=curabitur&in=at&magna=ipsum&bibendum=ac&imperdiet=tellus&nullam=semper&orci=interdum&pede=mauris&venenatis=ullamcorper&non=purus&sodales=sit&sed=amet&tincidunt=nulla&eu=quisque&felis=arcu&fusce=libero&posuere=rutrum&felis=ac,https://cisco.com/in/leo/maecenas.jpg?sagittis=libero&sapien=quis&cum=orci&sociis=nullam&natoque=molestie&penatibus=nibh&et=in&magnis=lectus&dis=pellentesque&parturient=at&montes=nulla&nascetur=suspendisse&ridiculus=potenti&mus=cras&etiam=in&vel=purus&augue=eu&vestibulum=magna&rutrum=vulputate&rutrum=luctus&neque=cum&aenean=sociis&auctor=natoque&gravida=penatibus&sem=et&praesent=magnis&id=dis&massa=parturient&id=montes&nisl=nascetur&venenatis=ridiculus&lacinia=mus&aenean=vivamus&sit=vestibulum&amet=sagittis&justo=sapien&morbi=cum&ut=sociis&odio=natoque&cras=penatibus&mi=et&pede=magnis&malesuada=dis&in=parturient&imperdiet=montes&et=nascetur&commodo=ridiculus&vulputate=mus&justo=etiam&in=vel&blandit=augue&ultrices=vestibulum&enim=rutrum&lorem=rutrum&ipsum=neque&dolor=aenean&sit=auctor&amet=gravida&consectetuer=sem&adipiscing=praesent&elit=id&proin=massa&interdum=id&mauris=nisl&non=venenatis&ligula=lacinia&pellentesque=aenean&ultrices=sit&phasellus=amet&id=justo&sapien=morbi&in=ut&sapien=odio&iaculis=cras&congue=mi,false,true
16,2023-05-16 04:16:35,20,81.75,997,"Quisque erat eros, viverra eget, congue eget, semper rutrum, nulla. Nunc purus. Phasellus in felis. Donec semper sapien a libero. Nam dui. Proin leo odio, porttitor id, consequat in, consequat ut, nulla.",https://unesco.org/nunc/vestibulum.json?velit=dui&donec=vel&diam=sem&neque=sed&vestibulum=sagittis&eget=nam&vulputate=congue&ut=risus&ultrices=semper&vel=porta&augue=volutpat&vestibulum=quam&ante=pede&ipsum=lobortis&primis=ligula&in=sit&faucibus=amet&orci=eleifend&luctus=pede&et=libero&ultrices=quis&posuere=orci&cubilia=nullam&curae=molestie&donec=nibh&pharetra=in&magna=lectus&vestibulum=pellentesque&aliquet=at&ultrices=nulla&erat=suspendisse&tortor=potenti&sollicitudin=cras&mi=in&sit=purus&amet=eu&lobortis=magna&sapien=vulputate&sapien=luctus&non=cum&mi=sociis&integer=natoque&ac=penatibus&neque=et&duis=magnis&bibendum=dis&morbi=parturient&non=montes&quam=nascetur&nec=ridiculus&dui=mus&luctus=vivamus&rutrum=vestibulum&nulla=sagittis&tellus=sapien&in=cum&sagittis=sociis&dui=natoque&vel=penatibus&nisl=et&duis=magnis&ac=dis&nibh=parturient&fusce=montes&lacus=nascetur&purus=ridiculus&aliquet=mus&at=etiam&feugiat=vel&non=augue&pretium=vestibulum&quis=rutrum&lectus=rutrum&suspendisse=neque&potenti=aenean,http://howstuffworks.com/quis/orci/nullam/molestie/nibh/in.jpg?lacus=eu&morbi=nibh&quis=quisque&tortor=id&id=justo&nulla=sit&ultrices=amet&aliquet=sapien&maecenas=dignissim&leo=vestibulum&odio=vestibulum&condimentum=ante&id=ipsum&luctus=primis&nec=in&molestie=faucibus&sed=orci&justo=luctus&pellentesque=et&viverra=ultrices&pede=posuere&ac=cubilia&diam=curae&cras=nulla&pellentesque=dapibus&volutpat=dolor&dui=vel&maecenas=est&tristique=donec&est=odio&et=justo&tempus=sollicitudin&semper=ut&est=suscipit&quam=a&pharetra=feugiat&magna=et&ac=eros&consequat=vestibulum&metus=ac&sapien=est&ut=lacinia&nunc=nisi&vestibulum=venenatis&ante=tristique&ipsum=fusce&primis=congue&in=diam&faucibus=id&orci=ornare&luctus=imperdiet&et=sapien&ultrices=urna&posuere=pretium&cubilia=nisl&curae=ut&mauris=volutpat&viverra=sapien,false,true
17,2022-07-02 06:06:22,16,17.38,952,Sed vel enim sit amet nunc viverra dapibus. Nulla suscipit ligula in lacus. Curabitur at ipsum ac tellus semper interdum. Mauris ullamcorper purus sit amet nulla.,https://vk.com/aliquet/massa/id/lobortis.js?aliquet=hendrerit&ultrices=at&erat=vulputate&tortor=vitae&sollicitudin=nisl&mi=aenean&sit=lectus&amet=pellentesque&lobortis=eget&sapien=nunc&sapien=donec&non=quis&mi=orci&integer=eget&ac=orci,http://symantec.com/sit/amet/consectetuer/adipiscing/elit.html?blandit=metus&ultrices=vitae&enim=ipsum&lorem=aliquam&ipsum=non&dolor=mauris&sit=morbi&amet=non&consectetuer=lectus&adipiscing=aliquam&elit=sit&proin=amet&interdum=diam&mauris=in&non=magna&ligula=bibendum&pellentesque=imperdiet&ultrices=nullam&phasellus=orci&id=pede&sapien=venenatis&in=non&sapien=sodales&iaculis=sed&congue=tincidunt&vivamus=eu&metus=felis&arcu=fusce&adipiscing=posuere&molestie=felis&hendrerit=sed&at=lacus&vulputate=morbi&vitae=sem&nisl=mauris&aenean=laoreet&lectus=ut&pellentesque=rhoncus&eget=aliquet&nunc=pulvinar&donec=sed&quis=nisl&orci=nunc&eget=rhoncus&orci=dui&vehicula=vel&condimentum=sem&curabitur=sed&in=sagittis&libero=nam&ut=congue&massa=risus&volutpat=semper&convallis=porta&morbi=volutpat&odio=quam&odio=pede&elementum=lobortis&eu=ligula&interdum=sit&eu=amet&tincidunt=eleifend&in=pede&leo=libero&maecenas=quis&pulvinar=orci&lobortis=nullam&est=molestie&phasellus=nibh&sit=in,true,false
18,2022-09-08 18:19:03,17,40.56,882,In congue. Etiam justo. Etiam pretium iaculis justo. In hac habitasse platea dictumst. Etiam faucibus cursus urna. Ut tellus. Nulla ut erat id mauris vulputate elementum.,http://ftc.gov/ante/ipsum/primis/in.js?rhoncus=aenean&mauris=auctor&enim=gravida&leo=sem&rhoncus=praesent&sed=id&vestibulum=massa&sit=id&amet=nisl&cursus=venenatis&id=lacinia&turpis=aenean&integer=sit&aliquet=amet&massa=justo&id=morbi&lobortis=ut&convallis=odio&tortor=cras&risus=mi&dapibus=pede&augue=malesuada&vel=in&accumsan=imperdiet&tellus=et&nisi=commodo&eu=vulputate&orci=justo&mauris=in&lacinia=blandit&sapien=ultrices&quis=enim&libero=lorem&nullam=ipsum&sit=dolor&amet=sit&turpis=amet&elementum=consectetuer&ligula=adipiscing&vehicula=elit&consequat=proin&morbi=interdum&a=mauris&ipsum=non&integer=ligula&a=pellentesque&nibh=ultrices&in=phasellus&quis=id&justo=sapien&maecenas=in&rhoncus=sapien&aliquam=iaculis&lacus=congue&morbi=vivamus&quis=metus&tortor=arcu&id=adipiscing&nulla=molestie&ultrices=hendrerit&aliquet=at&maecenas=vulputate&leo=vitae&odio=nisl&condimentum=aenean&id=lectus&luctus=pellentesque&nec=eget&molestie=nunc&sed=donec&justo=quis&pellentesque=orci&viverra=eget&pede=orci,http://amazon.co.uk/phasellus/in/felis/donec/semper/sapien.aspx?mauris=non&morbi=lectus&non=aliquam&lectus=sit&aliquam=amet&sit=diam&amet=in&diam=magna&in=bibendum&magna=imperdiet&bibendum=nullam&imperdiet=orci&nullam=pede&orci=venenatis&pede=non&venenatis=sodales&non=sed&sodales=tincidunt&sed=eu&tincidunt=felis&eu=fusce&felis=posuere&fusce=felis&posuere=sed&felis=lacus&sed=morbi&lacus=sem&morbi=mauris&sem=laoreet&mauris=ut&laoreet=rhoncus&ut=aliquet&rhoncus=pulvinar&aliquet=sed&pulvinar=nisl&sed=nunc&nisl=rhoncus&nunc=dui&rhoncus=vel&dui=sem&vel=sed&sem=sagittis&sed=nam&sagittis=congue&nam=risus&congue=semper&risus=porta&semper=volutpat&porta=quam&volutpat=pede&quam=lobortis&pede=ligula&lobortis=sit&ligula=amet&sit=eleifend&amet=pede&eleifend=libero&pede=quis&libero=orci&quis=nullam&orci=molestie&nullam=nibh&molestie=in&nibh=lectus&in=pellentesque&lectus=at&pellentesque=nulla&at=suspendisse&nulla=potenti&suspendisse=cras&potenti=in&cras=purus&in=eu&purus=magna&eu=vulputate&magna=luctus&vulputate=cum&luctus=sociis&cum=natoque&sociis=penatibus&natoque=et&penatibus=magnis&et=dis&magnis=parturient&dis=montes&parturient=nascetur&montes=ridiculus,false,false
19,2022-11-19 04:43:15,8,23.24,900,Nulla justo. Aliquam quis turpis eget elit sodales scelerisque. Mauris sit amet eros. Suspendisse accumsan tortor quis turpis.,http://latimes.com/blandit/lacinia/erat/vestibulum/sed/magna.xml?id=ac&pretium=nibh&iaculis=fusce&diam=lacus&erat=purus&fermentum=aliquet&justo=at&nec=feugiat&condimentum=non&neque=pretium&sapien=quis&placerat=lectus&ante=suspendisse&nulla=potenti&justo=in&aliquam=eleifend&quis=quam&turpis=a&eget=odio&elit=in&sodales=hac&scelerisque=habitasse&mauris=platea&sit=dictumst&amet=maecenas&eros=ut&suspendisse=massa&accumsan=quis&tortor=augue&quis=luctus&turpis=tincidunt&sed=nulla&ante=mollis&vivamus=molestie&tortor=lorem&duis=quisque&mattis=ut&egestas=erat&metus=curabitur&aenean=gravida&fermentum=nisi&donec=at&ut=nibh&mauris=in&eget=hac&massa=habitasse&tempor=platea&convallis=dictumst&nulla=aliquam&neque=augue&libero=quam&convallis=sollicitudin&eget=vitae&eleifend=consectetuer&luctus=eget&ultricies=rutrum&eu=at&nibh=lorem&quisque=integer&id=tincidunt&justo=ante&sit=vel&amet=ipsum&sapien=praesent&dignissim=blandit&vestibulum=lacinia&vestibulum=erat&ante=vestibulum&ipsum=sed&primis=magna&in=at&faucibus=nunc&orci=commodo&luctus=placerat&et=praesent&ultrices=blandit&posuere=nam&cubilia=nulla&curae=integer&nulla=pede&dapibus=justo&dolor=lacinia&vel=eget&est=tincidunt&donec=eget&odio=tempus&justo=vel&sollicitudin=pede&ut=morbi&suscipit=porttitor&a=lorem&feugiat=id&et=ligula&eros=suspendisse&vestibulum=ornare,https://ustream.tv/mattis/nibh.json?habitasse=porttitor&platea=lacus&dictumst=at&aliquam=turpis&augue=donec&quam=posuere&sollicitudin=metus&vitae=vitae&consectetuer=ipsum&eget=aliquam&rutrum=non&at=mauris&lorem=morbi&integer=non&tincidunt=lectus&ante=aliquam&vel=sit&ipsum=amet&praesent=diam,true,true
20,2022-08-23 08:10:12,19,36.3,565,"In est risus, auctor sed, tristique in, tempus sit amet, sem. Fusce consequat. Nulla nisl. Nunc nisl. Duis bibendum, felis sed interdum venenatis, turpis enim blandit mi, in porttitor pede justo eu massa. Donec dapibus. Duis at velit eu est congue elementum. In hac habitasse platea dictumst.",http://storify.com/varius/nulla/facilisi/cras.jsp?platea=augue&dictumst=vestibulum&aliquam=rutrum&augue=rutrum&quam=neque&sollicitudin=aenean&vitae=auctor&consectetuer=gravida&eget=sem&rutrum=praesent&at=id&lorem=massa&integer=id&tincidunt=nisl&ante=venenatis&vel=lacinia&ipsum=aenean&praesent=sit&blandit=amet&lacinia=justo&erat=morbi&vestibulum=ut&sed=odio&magna=cras&at=mi&nunc=pede&commodo=malesuada&placerat=in&praesent=imperdiet&blandit=et&nam=commodo&nulla=vulputate&integer=justo&pede=in&justo=blandit&lacinia=ultrices&eget=enim&tincidunt=lorem&eget=ipsum&tempus=dolor&vel=sit&pede=amet&morbi=consectetuer&porttitor=adipiscing&lorem=elit&id=proin&ligula=interdum&suspendisse=mauris&ornare=non&consequat=ligula&lectus=pellentesque&in=ultrices&est=phasellus&risus=id&auctor=sapien&sed=in&tristique=sapien&in=iaculis&tempus=congue&sit=vivamus&amet=metus&sem=arcu&fusce=adipiscing&consequat=molestie&nulla=hendrerit&nisl=at&nunc=vulputate,https://dyndns.org/sed/justo.jpg?sapien=sit&cum=amet&sociis=consectetuer&natoque=adipiscing&penatibus=elit&et=proin&magnis=interdum&dis=mauris&parturient=non,true,false
21,2022-10-02 15:25:20,13,74.19,505,"Morbi vestibulum, velit id pretium iaculis, diam erat fermentum justo, nec condimentum neque sapien placerat ante. Nulla justo. Aliquam quis turpis eget elit sodales scelerisque. Mauris sit amet eros. Suspendisse accumsan tortor quis turpis. Sed ante. Vivamus tortor. Duis mattis egestas metus. Aenean fermentum.",https://cmu.edu/non/sodales/sed/tincidunt/eu/felis.aspx?dolor=mattis&morbi=nibh&vel=ligula&lectus=nec&in=sem&quam=duis&fringilla=aliquam&rhoncus=convallis&mauris=nunc&enim=proin&leo=at&rhoncus=turpis&sed=a&vestibulum=pede&sit=posuere&amet=nonummy&cursus=integer&id=non&turpis=velit&integer=donec&aliquet=diam&massa=neque&id=vestibulum&lobortis=eget&convallis=vulputate&tortor=ut&risus=ultrices&dapibus=vel&augue=augue&vel=vestibulum&accumsan=ante&tellus=ipsum&nisi=primis&eu=in&orci=faucibus&mauris=orci&lacinia=luctus&sapien=et&quis=ultrices,https://shareasale.com/montes/nascetur/ridiculus/mus.json?dolor=pretium,true,true
22,2023-02-09 00:04:39,17,91.0,664,Mauris sit amet eros. Suspendisse accumsan tortor quis turpis. Sed ante. Vivamus tortor. Duis mattis egestas metus.,https://ca.gov/convallis/eget/eleifend.json?sed=nulla&lacus=tempus&morbi=vivamus&sem=in&mauris=felis&laoreet=eu&ut=sapien&rhoncus=cursus&aliquet=vestibulum&pulvinar=proin&sed=eu&nisl=mi&nunc=nulla&rhoncus=ac&dui=enim&vel=in&sem=tempor&sed=turpis&sagittis=nec&nam=euismod&congue=scelerisque&risus=quam&semper=turpis&porta=adipiscing&volutpat=lorem&quam=vitae&pede=mattis,http://chicagotribune.com/sed/nisl/nunc/rhoncus/dui/vel.png?luctus=pulvinar&et=nulla&ultrices=pede&posuere=ullamcorper&cubilia=augue&curae=a&donec=suscipit&pharetra=nulla&magna=elit&vestibulum=ac&aliquet=nulla&ultrices=sed&erat=vel&tortor=enim&sollicitudin=sit&mi=amet&sit=nunc&amet=viverra&lobortis=dapibus&sapien=nulla&sapien=suscipit&non=ligula&mi=in&integer=lacus&ac=curabitur&neque=at&duis=ipsum&bibendum=ac&morbi=tellus&non=semper&quam=interdum&nec=mauris&dui=ullamcorper&luctus=purus&rutrum=sit&nulla=amet&tellus=nulla&in=quisque&sagittis=arcu&dui=libero&vel=rutrum&nisl=ac&duis=lobortis&ac=vel&nibh=dapibus&fusce=at&lacus=diam&purus=nam&aliquet=tristique&at=tortor&feugiat=eu,true,false
23,2022-06-01 23:36:01,9,69.3,532,"Nullam orci pede, venenatis non, sodales sed, tincidunt eu, felis. Fusce posuere felis sed lacus. Morbi sem mauris, laoreet ut, rhoncus aliquet, pulvinar sed, nisl. Nunc rhoncus dui vel sem. Sed sagittis. Nam congue, risus semper porta volutpat, quam pede lobortis ligula, sit amet eleifend pede libero quis orci. Nullam molestie nibh in lectus.",http://opensource.org/montes/nascetur/ridiculus/mus/etiam/vel/augue.json?accumsan=interdum&odio=mauris&curabitur=ullamcorper&convallis=purus&duis=sit&consequat=amet&dui=nulla&nec=quisque&nisi=arcu&volutpat=libero&eleifend=rutrum&donec=ac&ut=lobortis&dolor=vel&morbi=dapibus&vel=at&lectus=diam&in=nam&quam=tristique&fringilla=tortor,http://npr.org/libero/nullam/sit.js?nam=ipsum&nulla=dolor&integer=sit&pede=amet&justo=consectetuer&lacinia=adipiscing&eget=elit&tincidunt=proin&eget=risus&tempus=praesent&vel=lectus&pede=vestibulum&morbi=quam&porttitor=sapien&lorem=varius,true,false
24,2022-08-16 15:36:03,2,26.03,983,Mauris ullamcorper purus sit amet nulla.,http://deviantart.com/semper/est/quam/pharetra.jsp?tristique=dui&est=maecenas&et=tristique&tempus=est&semper=et&est=tempus&quam=semper&pharetra=est&magna=quam&ac=pharetra&consequat=magna&metus=ac&sapien=consequat&ut=metus&nunc=sapien&vestibulum=ut&ante=nunc&ipsum=vestibulum&primis=ante&in=ipsum&faucibus=primis&orci=in&luctus=faucibus&et=orci&ultrices=luctus&posuere=et&cubilia=ultrices&curae=posuere&mauris=cubilia&viverra=curae&diam=mauris&vitae=viverra&quam=diam&suspendisse=vitae&potenti=quam&nullam=suspendisse&porttitor=potenti&lacus=nullam&at=porttitor&turpis=lacus&donec=at&posuere=turpis&metus=donec&vitae=posuere&ipsum=metus&aliquam=vitae&non=ipsum&mauris=aliquam&morbi=non&non=mauris&lectus=morbi&aliquam=non&sit=lectus&amet=aliquam&diam=sit&in=amet&magna=diam&bibendum=in&imperdiet=magna&nullam=bibendum&orci=imperdiet,https://cyberchimps.com/tincidunt/nulla/mollis/molestie/lorem/quisque.jpg?lacus=nisl&morbi=aenean&quis=lectus&tortor=pellentesque&id=eget&nulla=nunc&ultrices=donec&aliquet=quis&maecenas=orci&leo=eget&odio=orci&condimentum=vehicula&id=condimentum&luctus=curabitur&nec=in&molestie=libero&sed=ut&justo=massa&pellentesque=volutpat&viverra=convallis&pede=morbi&ac=odio&diam=odio&cras=elementum&pellentesque=eu&volutpat=interdum&dui=eu&maecenas=tincidunt&tristique=in&est=leo&et=maecenas&tempus=pulvinar&semper=lobortis&est=est&quam=phasellus&pharetra=sit&magna=amet&ac=erat&consequat=nulla&metus=tempus&sapien=vivamus&ut=in&nunc=felis&vestibulum=eu&ante=sapien&ipsum=cursus&primis=vestibulum&in=proin&faucibus=eu&orci=mi&luctus=nulla&et=ac&ultrices=enim&posuere=in&cubilia=tempor&curae=turpis&mauris=nec&viverra=euismod&diam=scelerisque&vitae=quam&quam=turpis&suspendisse=adipiscing&potenti=lorem&nullam=vitae&porttitor=mattis&lacus=nibh&at=ligula&turpis=nec&donec=sem&posuere=duis&metus=aliquam&vitae=convallis&ipsum=nunc&aliquam=proin&non=at&mauris=turpis&morbi=a&non=pede&lectus=posuere&aliquam=nonummy&sit=integer&amet=non&diam=velit&in=donec&magna=diam&bibendum=neque&imperdiet=vestibulum,true,true
25,2022-06-29 17:06:10,15,24.4,500,"Proin interdum mauris non ligula pellentesque ultrices. Phasellus id sapien in sapien iaculis congue. Vivamus metus arcu, adipiscing molestie, hendrerit at, vulputate vitae, nisl. Aenean lectus.",http://t.co/erat.aspx?erat=massa&id=donec,http://webnode.com/id/nulla/ultrices/aliquet/maecenas.jsp?ac=ac&enim=nulla&in=sed&tempor=vel&turpis=enim&nec=sit&euismod=amet&scelerisque=nunc&quam=viverra&turpis=dapibus&adipiscing=nulla&lorem=suscipit&vitae=ligula&mattis=in&nibh=lacus&ligula=curabitur&nec=at,true,false
26,2022-08-21 10:28:09,10,96.83,957,"Lorem ipsum dolor sit amet, consectetuer adipiscing elit.",https://yahoo.co.jp/nulla/sed/vel/enim.aspx?lacus=mus&morbi=vivamus&sem=vestibulum&mauris=sagittis&laoreet=sapien&ut=cum&rhoncus=sociis&aliquet=natoque&pulvinar=penatibus&sed=et&nisl=magnis&nunc=dis&rhoncus=parturient&dui=montes&vel=nascetur&sem=ridiculus&sed=mus&sagittis=etiam&nam=vel&congue=augue&risus=vestibulum&semper=rutrum&porta=rutrum&volutpat=neque&quam=aenean&pede=auctor&lobortis=gravida&ligula=sem&sit=praesent&amet=id&eleifend=massa&pede=id&libero=nisl&quis=venenatis&orci=lacinia&nullam=aenean&molestie=sit&nibh=amet&in=justo&lectus=morbi&pellentesque=ut&at=odio&nulla=cras&suspendisse=mi&potenti=pede&cras=malesuada&in=in&purus=imperdiet&eu=et&magna=commodo&vulputate=vulputate&luctus=justo&cum=in&sociis=blandit&natoque=ultrices&penatibus=enim&et=lorem&magnis=ipsum&dis=dolor&parturient=sit&montes=amet&nascetur=consectetuer&ridiculus=adipiscing&mus=elit&vivamus=proin&vestibulum=interdum&sagittis=mauris&sapien=non&cum=ligula&sociis=pellentesque&natoque=ultrices&penatibus=phasellus&et=id&magnis=sapien&dis=in&parturient=sapien&montes=iaculis&nascetur=congue&ridiculus=vivamus&mus=metus&etiam=arcu&vel=adipiscing&augue=molestie&vestibulum=hendrerit&rutrum=at&rutrum=vulputate&neque=vitae&aenean=nisl&auctor=aenean&gravida=lectus&sem=pellentesque&praesent=eget&id=nunc&massa=donec&id=quis&nisl=orci&venenatis=eget,https://multiply.com/donec/dapibus/duis/at.png?aliquam=metus&convallis=arcu&nunc=adipiscing&proin=molestie&at=hendrerit&turpis=at&a=vulputate&pede=vitae&posuere=nisl&nonummy=aenean&integer=lectus&non=pellentesque&velit=eget&donec=nunc&diam=donec&neque=quis&vestibulum=orci&eget=eget&vulputate=orci&ut=vehicula&ultrices=condimentum&vel=curabitur&augue=in&vestibulum=libero&ante=ut&ipsum=massa&primis=volutpat&in=convallis&faucibus=morbi&orci=odio&luctus=odio&et=elementum&ultrices=eu&posuere=interdum&cubilia=eu&curae=tincidunt&donec=in&pharetra=leo&magna=maecenas&vestibulum=pulvinar&aliquet=lobortis&ultrices=est&erat=phasellus&tortor=sit&sollicitudin=amet&mi=erat&sit=nulla&amet=tempus&lobortis=vivamus&sapien=in&sapien=felis&non=eu&mi=sapien&integer=cursus&ac=vestibulum&neque=proin&duis=eu&bibendum=mi&morbi=nulla,false,true
27,2023-02-05 05:52:46,9,24.43,819,"Maecenas leo odio, condimentum id, luctus nec, molestie sed, justo. Pellentesque viverra pede ac diam. Cras pellentesque volutpat dui. Maecenas tristique, est et tempus semper, est quam pharetra magna, ac consequat metus sapien ut nunc.",https://delicious.com/id/nisl/venenatis.xml?augue=suscipit&a=a&suscipit=feugiat&nulla=et&elit=eros&ac=vestibulum&nulla=ac&sed=est&vel=lacinia&enim=nisi&sit=venenatis&amet=tristique&nunc=fusce&viverra=congue&dapibus=diam&nulla=id&suscipit=ornare&ligula=imperdiet&in=sapien&lacus=urna&curabitur=pretium&at=nisl&ipsum=ut&ac=volutpat&tellus=sapien&semper=arcu&interdum=sed&mauris=augue&ullamcorper=aliquam&purus=erat&sit=volutpat&amet=in&nulla=congue&quisque=etiam&arcu=justo&libero=etiam&rutrum=pretium&ac=iaculis&lobortis=justo,https://tumblr.com/duis/faucibus.png?at=at&velit=nunc&eu=commodo&est=placerat&congue=praesent&elementum=blandit&in=nam&hac=nulla&habitasse=integer&platea=pede&dictumst=justo&morbi=lacinia&vestibulum=eget&velit=tincidunt&id=eget&pretium=tempus&iaculis=vel&diam=pede&erat=morbi&fermentum=porttitor&justo=lorem&nec=id&condimentum=ligula&neque=suspendisse&sapien=ornare&placerat=consequat&ante=lectus&nulla=in&justo=est&aliquam=risus&quis=auctor&turpis=sed&eget=tristique&elit=in&sodales=tempus&scelerisque=sit&mauris=amet&sit=sem&amet=fusce&eros=consequat&suspendisse=nulla&accumsan=nisl&tortor=nunc&quis=nisl&turpis=duis&sed=bibendum&ante=felis&vivamus=sed&tortor=interdum&duis=venenatis&mattis=turpis&egestas=enim&metus=blandit&aenean=mi&fermentum=in&donec=porttitor&ut=pede&mauris=justo&eget=eu&massa=massa&tempor=donec&convallis=dapibus&nulla=duis&neque=at&libero=velit&convallis=eu&eget=est&eleifend=congue&luctus=elementum&ultricies=in&eu=hac&nibh=habitasse&quisque=platea&id=dictumst&justo=morbi&sit=vestibulum&amet=velit&sapien=id&dignissim=pretium&vestibulum=iaculis&vestibulum=diam&ante=erat&ipsum=fermentum&primis=justo&in=nec&faucibus=condimentum&orci=neque&luctus=sapien&et=placerat,true,false
28,2023-02-18 17:28:56,2,39.16,679,"Fusce lacus purus, aliquet at, feugiat non, pretium quis, lectus. Suspendisse potenti. In eleifend quam a odio. In hac habitasse platea dictumst. Maecenas ut massa quis augue luctus tincidunt. Nulla mollis molestie lorem. Quisque ut erat. Curabitur gravida nisi at nibh. In hac habitasse platea dictumst.",https://taobao.com/odio/curabitur/convallis/duis/consequat.jsp?duis=ut&ac=massa&nibh=volutpat&fusce=convallis&lacus=morbi&purus=odio&aliquet=odio&at=elementum&feugiat=eu&non=interdum&pretium=eu&quis=tincidunt&lectus=in&suspendisse=leo&potenti=maecenas&in=pulvinar&eleifend=lobortis&quam=est&a=phasellus&odio=sit&in=amet&hac=erat&habitasse=nulla&platea=tempus&dictumst=vivamus&maecenas=in&ut=felis&massa=eu&quis=sapien&augue=cursus&luctus=vestibulum&tincidunt=proin&nulla=eu&mollis=mi&molestie=nulla&lorem=ac&quisque=enim&ut=in&erat=tempor&curabitur=turpis&gravida=nec&nisi=euismod&at=scelerisque&nibh=quam&in=turpis&hac=adipiscing&habitasse=lorem&platea=vitae&dictumst=mattis&aliquam=nibh&augue=ligula&quam=nec&sollicitudin=sem&vitae=duis&consectetuer=aliquam&eget=convallis&rutrum=nunc,https://opensource.org/duis/bibendum/morbi/non/quam.aspx?in=morbi&congue=vestibulum&etiam=velit&justo=id&etiam=pretium&pretium=iaculis&iaculis=diam&justo=erat&in=fermentum&hac=justo&habitasse=nec&platea=condimentum&dictumst=neque&etiam=sapien&faucibus=placerat&cursus=ante&urna=nulla&ut=justo&tellus=aliquam&nulla=quis&ut=turpis&erat=eget&id=elit&mauris=sodales&vulputate=scelerisque&elementum=mauris&nullam=sit&varius=amet&nulla=eros&facilisi=suspendisse&cras=accumsan,false,false
29,2023-02-13 02:54:09,1,24.92,601,"Proin risus. Praesent lectus. Vestibulum quam sapien, varius ut, blandit non, interdum in, ante. Vestibulum ante ipsum primis in faucibus orci luctus et ultrices posuere cubilia Curae; Duis faucibus accumsan odio.",https://google.co.jp/non/mi/integer/ac.png?aliquam=molestie&lacus=nibh&morbi=in&quis=lectus&tortor=pellentesque&id=at&nulla=nulla&ultrices=suspendisse&aliquet=potenti&maecenas=cras&leo=in&odio=purus&condimentum=eu&id=magna&luctus=vulputate&nec=luctus&molestie=cum&sed=sociis&justo=natoque&pellentesque=penatibus&viverra=et&pede=magnis&ac=dis&diam=parturient&cras=montes&pellentesque=nascetur&volutpat=ridiculus&dui=mus&maecenas=vivamus&tristique=vestibulum&est=sagittis&et=sapien&tempus=cum&semper=sociis&est=natoque&quam=penatibus&pharetra=et&magna=magnis&ac=dis&consequat=parturient&metus=montes&sapien=nascetur&ut=ridiculus&nunc=mus&vestibulum=etiam&ante=vel&ipsum=augue&primis=vestibulum&in=rutrum&faucibus=rutrum&orci=neque&luctus=aenean&et=auctor&ultrices=gravida&posuere=sem&cubilia=praesent&curae=id&mauris=massa&viverra=id&diam=nisl&vitae=venenatis&quam=lacinia,https://addthis.com/diam/erat/fermentum/justo/nec/condimentum/neque.html?ligula=cursus&pellentesque=vestibulum&ultrices=proin&phasellus=eu&id=mi&sapien=nulla&in=ac&sapien=enim&iaculis=in&congue=tempor&vivamus=turpis&metus=nec,true,false
30,2022-09-13 09:41:44,16,66.04,875,"Pellentesque at nulla. Suspendisse potenti. Cras in purus eu magna vulputate luctus. Cum sociis natoque penatibus et magnis dis parturient montes, nascetur ridiculus mus. Vivamus vestibulum sagittis sapien. Cum sociis natoque penatibus et magnis dis parturient montes, nascetur ridiculus mus. Etiam vel augue. Vestibulum rutrum rutrum neque. Aenean auctor gravida sem.",http://yahoo.co.jp/odio/consequat/varius/integer/ac/leo/pellentesque.xml?risus=sed&auctor=vestibulum&sed=sit&tristique=amet&in=cursus&tempus=id&sit=turpis&amet=integer&sem=aliquet&fusce=massa&consequat=id&nulla=lobortis&nisl=convallis&nunc=tortor&nisl=risus&duis=dapibus&bibendum=augue&felis=vel&sed=accumsan&interdum=tellus&venenatis=nisi&turpis=eu&enim=orci&blandit=mauris&mi=lacinia&in=sapien&porttitor=quis&pede=libero&justo=nullam&eu=sit&massa=amet&donec=turpis&dapibus=elementum&duis=ligula&at=vehicula&velit=consequat&eu=morbi&est=a&congue=ipsum,https://sbwire.com/pede/morbi.html?massa=montes&donec=nascetur&dapibus=ridiculus&duis=mus&at=vivamus&velit=vestibulum,false,true
