id_concert,date_debut,lieu,prix,nb_places_effective,cause,lien_photos,lien_video,espace_exterieur,familiale,besoin_volontaires
1,2023-01-26 20:25:14,9,65.3,716,"Maecenas tristique, est et tempus semper, est quam pharetra magna, ac consequat metus sapien ut nunc. Vestibulum ante ipsum primis in faucibus orci luctus et ultrices posuere cubilia Curae; Mauris viverra diam vitae quam. Suspendisse potenti. Nullam porttitor lacus at turpis. Donec posuere metus vitae ipsum. Aliquam non mauris. Morbi non lectus. Aliquam sit amet diam in magna bibendum imperdiet. Nullam orci pede, venenatis non, sodales sed, tincidunt eu, felis.",https://wordpress.com/nec/dui/luctus/rutrum/nulla/tellus.aspx?aliquam=neque&quis=aenean&turpis=auctor&eget=gravida&elit=sem&sodales=praesent&scelerisque=id&mauris=massa&sit=id&amet=nisl&eros=venenatis&suspendisse=lacinia&accumsan=aenean&tortor=sit&quis=amet&turpis=justo&sed=morbi&ante=ut&vivamus=odio&tortor=cras&duis=mi&mattis=pede&egestas=malesuada&metus=in&aenean=imperdiet&fermentum=et&donec=commodo&ut=vulputate&mauris=justo&eget=in&massa=blandit&tempor=ultrices&convallis=enim&nulla=lorem&neque=ipsum&libero=dolor&convallis=sit&eget=amet&eleifend=consectetuer&luctus=adipiscing&ultricies=elit&eu=proin,http://miibeian.gov.cn/donec.json?augue=potenti&quam=cras&sollicitudin=in&vitae=purus&consectetuer=eu&eget=magna&rutrum=vulputate&at=luctus&lorem=cum&integer=sociis&tincidunt=natoque&ante=penatibus&vel=et&ipsum=magnis&praesent=dis&blandit=parturient&lacinia=montes&erat=nascetur&vestibulum=ridiculus&sed=mus&magna=vivamus&at=vestibulum&nunc=sagittis&commodo=sapien&placerat=cum&praesent=sociis&blandit=natoque&nam=penatibus&nulla=et&integer=magnis&pede=dis&justo=parturient&lacinia=montes&eget=nascetur&tincidunt=ridiculus&eget=mus&tempus=etiam&vel=vel&pede=augue&morbi=vestibulum&porttitor=rutrum&lorem=rutrum&id=neque&ligula=aenean&suspendisse=auctor&ornare=gravida&consequat=sem&lectus=praesent&in=id&est=massa&risus=id&auctor=nisl&sed=venenatis&tristique=lacinia&in=aenean&tempus=sit&sit=amet&amet=justo&sem=morbi&fusce=ut&consequat=odio&nulla=cras&nisl=mi&nunc=pede&nisl=malesuada&duis=in&bibendum=imperdiet&felis=et&sed=commodo&interdum=vulputate&venenatis=justo&turpis=in&enim=blandit&blandit=ultrices&mi=enim&in=lorem&porttitor=ipsum&pede=dolor&justo=sit&eu=amet&massa=consectetuer&donec=adipiscing,false,false,false
2,2023-01-04 17:50:02,18,22.49,623,Maecenas ut massa quis augue luctus tincidunt. Nulla mollis molestie lorem. Quisque ut erat. Curabitur gravida nisi at nibh.,http://google.com.au/dolor/sit/amet/consectetuer.aspx?suspendisse=imperdiet&potenti=sapien&cras=urna&in=pretium&purus=nisl&eu=ut&magna=volutpat&vulputate=sapien&luctus=arcu&cum=sed&sociis=augue&natoque=aliquam&penatibus=erat&et=volutpat&magnis=in&dis=congue&parturient=etiam&montes=justo&nascetur=etiam&ridiculus=pretium&mus=iaculis&vivamus=justo&vestibulum=in,http://moonfruit.com/cubilia/curae/duis/faucibus/accumsan/odio.aspx?eros=sit&elementum=amet&pellentesque=turpis&quisque=elementum&porta=ligula&volutpat=vehicula&erat=consequat&quisque=morbi&erat=a&eros=ipsum&viverra=integer&eget=a&congue=nibh&eget=in,false,false,true
3,2022-12-02 13:57:11,2,67.97,740,"Praesent blandit lacinia erat. Vestibulum sed magna at nunc commodo placerat. Praesent blandit. Nam nulla. Integer pede justo, lacinia eget, tincidunt eget, tempus vel, pede.",http://webnode.com/curae/duis/faucibus/accumsan/odio/curabitur/convallis.jsp?orci=tincidunt&nullam=lacus&molestie=at&nibh=velit&in=vivamus&lectus=vel&pellentesque=nulla&at=eget,http://com.com/curae/mauris/viverra/diam.html?ante=sit&ipsum=amet&primis=eros&in=suspendisse&faucibus=accumsan&orci=tortor&luctus=quis&et=turpis&ultrices=sed&posuere=ante&cubilia=vivamus&curae=tortor&nulla=duis&dapibus=mattis&dolor=egestas&vel=metus&est=aenean&donec=fermentum&odio=donec&justo=ut&sollicitudin=mauris&ut=eget&suscipit=massa&a=tempor&feugiat=convallis&et=nulla&eros=neque&vestibulum=libero&ac=convallis&est=eget&lacinia=eleifend&nisi=luctus&venenatis=ultricies&tristique=eu&fusce=nibh&congue=quisque&diam=id&id=justo&ornare=sit&imperdiet=amet&sapien=sapien&urna=dignissim&pretium=vestibulum&nisl=vestibulum&ut=ante&volutpat=ipsum&sapien=primis&arcu=in&sed=faucibus&augue=orci&aliquam=luctus&erat=et&volutpat=ultrices&in=posuere&congue=cubilia&etiam=curae&justo=nulla&etiam=dapibus&pretium=dolor&iaculis=vel&justo=est&in=donec&hac=odio&habitasse=justo&platea=sollicitudin&dictumst=ut&etiam=suscipit&faucibus=a&cursus=feugiat&urna=et&ut=eros&tellus=vestibulum&nulla=ac&ut=est&erat=lacinia&id=nisi&mauris=venenatis&vulputate=tristique&elementum=fusce&nullam=congue&varius=diam&nulla=id&facilisi=ornare&cras=imperdiet&non=sapien&velit=urna&nec=pretium,true,true,true
4,2023-05-01 18:40:55,2,52.02,672,"Nam dui. Proin leo odio, porttitor id, consequat in, consequat ut, nulla. Sed accumsan felis. Ut at dolor quis odio consequat varius. Integer ac leo. Pellentesque ultrices mattis odio. Donec vitae nisi. Nam ultrices, libero non mattis pulvinar, nulla pede ullamcorper augue, a suscipit nulla elit ac nulla. Sed vel enim sit amet nunc viverra dapibus. Nulla suscipit ligula in lacus.",http://123-reg.co.uk/rutrum/nulla/nunc/purus/phasellus/in/felis.xml?metus=rhoncus&vitae=aliquet&ipsum=pulvinar&aliquam=sed&non=nisl&mauris=nunc&morbi=rhoncus&non=dui&lectus=vel&aliquam=sem&sit=sed&amet=sagittis&diam=nam&in=congue&magna=risus&bibendum=semper&imperdiet=porta&nullam=volutpat&orci=quam&pede=pede&venenatis=lobortis&non=ligula&sodales=sit&sed=amet&tincidunt=eleifend&eu=pede&felis=libero&fusce=quis&posuere=orci&felis=nullam&sed=molestie&lacus=nibh&morbi=in&sem=lectus&mauris=pellentesque&laoreet=at&ut=nulla&rhoncus=suspendisse&aliquet=potenti&pulvinar=cras&sed=in&nisl=purus&nunc=eu&rhoncus=magna&dui=vulputate&vel=luctus&sem=cum&sed=sociis&sagittis=natoque&nam=penatibus&congue=et&risus=magnis&semper=dis&porta=parturient&volutpat=montes&quam=nascetur&pede=ridiculus&lobortis=mus&ligula=vivamus&sit=vestibulum&amet=sagittis&eleifend=sapien&pede=cum&libero=sociis&quis=natoque&orci=penatibus&nullam=et&molestie=magnis&nibh=dis&in=parturient&lectus=montes&pellentesque=nascetur&at=ridiculus&nulla=mus&suspendisse=etiam&potenti=vel&cras=augue&in=vestibulum,https://wordpress.org/habitasse/platea.png?ante=vulputate&vivamus=vitae&tortor=nisl&duis=aenean&mattis=lectus&egestas=pellentesque&metus=eget&aenean=nunc&fermentum=donec&donec=quis&ut=orci&mauris=eget&eget=orci&massa=vehicula&tempor=condimentum&convallis=curabitur&nulla=in&neque=libero&libero=ut&convallis=massa&eget=volutpat&eleifend=convallis&luctus=morbi&ultricies=odio&eu=odio&nibh=elementum&quisque=eu&id=interdum&justo=eu&sit=tincidunt&amet=in&sapien=leo&dignissim=maecenas&vestibulum=pulvinar&vestibulum=lobortis&ante=est&ipsum=phasellus&primis=sit&in=amet&faucibus=erat&orci=nulla&luctus=tempus&et=vivamus&ultrices=in&posuere=felis&cubilia=eu&curae=sapien&nulla=cursus&dapibus=vestibulum&dolor=proin&vel=eu&est=mi&donec=nulla&odio=ac&justo=enim&sollicitudin=in&ut=tempor&suscipit=turpis&a=nec&feugiat=euismod&et=scelerisque&eros=quam&vestibulum=turpis&ac=adipiscing&est=lorem&lacinia=vitae&nisi=mattis&venenatis=nibh&tristique=ligula&fusce=nec&congue=sem&diam=duis&id=aliquam&ornare=convallis&imperdiet=nunc&sapien=proin&urna=at&pretium=turpis,false,true,false
5,2022-10-29 19:32:40,11,83.36,792,"Integer non velit. Donec diam neque, vestibulum eget, vulputate ut, ultrices vel, augue. Vestibulum ante ipsum primis in faucibus orci luctus et ultrices posuere cubilia Curae; Donec pharetra, magna vestibulum aliquet ultrices, erat tortor sollicitudin mi, sit amet lobortis sapien sapien non mi. Integer ac neque. Duis bibendum.",https://hc360.com/massa/quis/augue.js?eu=pharetra&nibh=magna&quisque=vestibulum&id=aliquet&justo=ultrices&sit=erat&amet=tortor&sapien=sollicitudin&dignissim=mi&vestibulum=sit&vestibulum=amet&ante=lobortis&ipsum=sapien&primis=sapien&in=non&faucibus=mi&orci=integer&luctus=ac&et=neque&ultrices=duis&posuere=bibendum&cubilia=morbi&curae=non&nulla=quam&dapibus=nec&dolor=dui&vel=luctus,http://flickr.com/egestas/metus/aenean/fermentum.aspx?scelerisque=et&quam=tempus&turpis=semper&adipiscing=est&lorem=quam&vitae=pharetra&mattis=magna&nibh=ac&ligula=consequat&nec=metus&sem=sapien&duis=ut&aliquam=nunc&convallis=vestibulum&nunc=ante&proin=ipsum&at=primis&turpis=in&a=faucibus&pede=orci&posuere=luctus&nonummy=et&integer=ultrices&non=posuere&velit=cubilia&donec=curae&diam=mauris&neque=viverra&vestibulum=diam&eget=vitae&vulputate=quam&ut=suspendisse&ultrices=potenti&vel=nullam&augue=porttitor&vestibulum=lacus&ante=at&ipsum=turpis&primis=donec&in=posuere&faucibus=metus&orci=vitae&luctus=ipsum&et=aliquam&ultrices=non&posuere=mauris&cubilia=morbi&curae=non&donec=lectus&pharetra=aliquam&magna=sit&vestibulum=amet&aliquet=diam&ultrices=in&erat=magna&tortor=bibendum&sollicitudin=imperdiet&mi=nullam&sit=orci&amet=pede&lobortis=venenatis&sapien=non&sapien=sodales&non=sed&mi=tincidunt&integer=eu&ac=felis&neque=fusce&duis=posuere&bibendum=felis&morbi=sed&non=lacus&quam=morbi&nec=sem&dui=mauris&luctus=laoreet&rutrum=ut&nulla=rhoncus&tellus=aliquet&in=pulvinar&sagittis=sed&dui=nisl&vel=nunc&nisl=rhoncus&duis=dui&ac=vel&nibh=sem&fusce=sed&lacus=sagittis&purus=nam&aliquet=congue&at=risus&feugiat=semper&non=porta&pretium=volutpat&quis=quam&lectus=pede&suspendisse=lobortis&potenti=ligula,false,false,true
6,2022-10-15 12:34:22,14,16.35,756,"Nam nulla. Integer pede justo, lacinia eget, tincidunt eget, tempus vel, pede. Morbi porttitor lorem id ligula. Suspendisse ornare consequat lectus.",https://mysql.com/felis/fusce/posuere/felis/sed/lacus/morbi.aspx?viverra=volutpat&dapibus=dui,https://ocn.ne.jp/nullam/sit/amet.aspx?vel=enim&est=leo&donec=rhoncus&odio=sed&justo=vestibulum&sollicitudin=sit&ut=amet&suscipit=cursus&a=id&feugiat=turpis&et=integer,true,false,true
7,2023-03-13 00:27:34,12,79.86,925,"Cras mi pede, malesuada in, imperdiet et, commodo vulputate, justo. In blandit ultrices enim. Lorem ipsum dolor sit amet, consectetuer adipiscing elit. Proin interdum mauris non ligula pellentesque ultrices. Phasellus id sapien in sapien iaculis congue. Vivamus metus arcu, adipiscing molestie, hendrerit at, vulputate vitae, nisl. Aenean lectus. Pellentesque eget nunc. Donec quis orci eget orci vehicula condimentum. Curabitur in libero ut massa volutpat convallis.",http://irs.gov/proin/risus/praesent.xml?ligula=quis&vehicula=turpis&consequat=eget&morbi=elit&a=sodales&ipsum=scelerisque&integer=mauris&a=sit&nibh=amet&in=eros&quis=suspendisse&justo=accumsan&maecenas=tortor&rhoncus=quis&aliquam=turpis&lacus=sed&morbi=ante&quis=vivamus&tortor=tortor&id=duis&nulla=mattis&ultrices=egestas&aliquet=metus&maecenas=aenean&leo=fermentum&odio=donec&condimentum=ut&id=mauris&luctus=eget&nec=massa&molestie=tempor&sed=convallis&justo=nulla&pellentesque=neque&viverra=libero&pede=convallis&ac=eget&diam=eleifend&cras=luctus&pellentesque=ultricies&volutpat=eu&dui=nibh&maecenas=quisque&tristique=id&est=justo&et=sit&tempus=amet&semper=sapien&est=dignissim&quam=vestibulum&pharetra=vestibulum&magna=ante&ac=ipsum&consequat=primis&metus=in&sapien=faucibus&ut=orci&nunc=luctus&vestibulum=et&ante=ultrices&ipsum=posuere&primis=cubilia&in=curae&faucibus=nulla&orci=dapibus&luctus=dolor&et=vel&ultrices=est&posuere=donec&cubilia=odio&curae=justo&mauris=sollicitudin&viverra=ut&diam=suscipit&vitae=a&quam=feugiat&suspendisse=et&potenti=eros&nullam=vestibulum&porttitor=ac&lacus=est&at=lacinia&turpis=nisi&donec=venenatis,https://shareasale.com/morbi/a/ipsum/integer.aspx?orci=nascetur&luctus=ridiculus&et=mus&ultrices=etiam&posuere=vel&cubilia=augue&curae=vestibulum&duis=rutrum&faucibus=rutrum&accumsan=neque&odio=aenean&curabitur=auctor&convallis=gravida&duis=sem,false,false,true
8,2022-09-02 07:33:21,15,71.19,746,"Integer ac neque. Duis bibendum. Morbi non quam nec dui luctus rutrum. Nulla tellus. In sagittis dui vel nisl. Duis ac nibh. Fusce lacus purus, aliquet at, feugiat non, pretium quis, lectus. Suspendisse potenti. In eleifend quam a odio.",https://angelfire.com/a/ipsum/integer/a/nibh/in.aspx?luctus=ante&et=vel&ultrices=ipsum&posuere=praesent&cubilia=blandit&curae=lacinia&nulla=erat&dapibus=vestibulum&dolor=sed&vel=magna&est=at&donec=nunc&odio=commodo&justo=placerat&sollicitudin=praesent&ut=blandit&suscipit=nam&a=nulla&feugiat=integer&et=pede&eros=justo&vestibulum=lacinia&ac=eget,https://tuttocitta.it/nunc/purus/phasellus/in.jpg?fusce=pretium&consequat=iaculis&nulla=justo&nisl=in&nunc=hac&nisl=habitasse&duis=platea&bibendum=dictumst&felis=etiam&sed=faucibus&interdum=cursus&venenatis=urna&turpis=ut&enim=tellus&blandit=nulla&mi=ut&in=erat&porttitor=id&pede=mauris&justo=vulputate,false,false,false
9,2023-05-21 03:46:35,10,93.76,624,"Nullam molestie nibh in lectus. Pellentesque at nulla. Suspendisse potenti. Cras in purus eu magna vulputate luctus. Cum sociis natoque penatibus et magnis dis parturient montes, nascetur ridiculus mus. Vivamus vestibulum sagittis sapien. Cum sociis natoque penatibus et magnis dis parturient montes, nascetur ridiculus mus. Etiam vel augue. Vestibulum rutrum rutrum neque. Aenean auctor gravida sem.",https://aboutads.info/vestibulum/ante/ipsum/primis/in.html?vestibulum=luctus&ante=nec&ipsum=molestie&primis=sed&in=justo&faucibus=pellentesque&orci=viverra&luctus=pede&et=ac&ultrices=diam&posuere=cras&cubilia=pellentesque&curae=volutpat&donec=dui&pharetra=maecenas&magna=tristique&vestibulum=est&aliquet=et&ultrices=tempus&erat=semper&tortor=est&sollicitudin=quam&mi=pharetra&sit=magna&amet=ac&lobortis=consequat&sapien=metus&sapien=sapien&non=ut&mi=nunc&integer=vestibulum&ac=ante&neque=ipsum&duis=primis&bibendum=in,https://mysql.com/tincidunt/nulla/mollis/molestie/lorem/quisque/ut.aspx?aliquet=mauris&massa=ullamcorper&id=purus&lobortis=sit&convallis=amet&tortor=nulla&risus=quisque&dapibus=arcu&augue=libero&vel=rutrum&accumsan=ac&tellus=lobortis&nisi=vel&eu=dapibus&orci=at&mauris=diam&lacinia=nam&sapien=tristique&quis=tortor&libero=eu,false,true,false
10,2022-09-23 04:45:53,2,87.97,671,"Proin risus. Praesent lectus. Vestibulum quam sapien, varius ut, blandit non, interdum in, ante. Vestibulum ante ipsum primis in faucibus orci luctus et ultrices posuere cubilia Curae; Duis faucibus accumsan odio. Curabitur convallis. Duis consequat dui nec nisi volutpat eleifend. Donec ut dolor. Morbi vel lectus in quam fringilla rhoncus. Mauris enim leo, rhoncus sed, vestibulum sit amet, cursus id, turpis.",http://nasa.gov/massa/donec/dapibus.aspx?sit=accumsan&amet=tortor&sapien=quis&dignissim=turpis&vestibulum=sed&vestibulum=ante&ante=vivamus&ipsum=tortor&primis=duis&in=mattis&faucibus=egestas&orci=metus&luctus=aenean&et=fermentum&ultrices=donec&posuere=ut&cubilia=mauris&curae=eget&nulla=massa&dapibus=tempor&dolor=convallis&vel=nulla,http://chronoengine.com/neque/aenean/auctor/gravida/sem/praesent/id.js?vestibulum=et&ante=ultrices&ipsum=posuere&primis=cubilia&in=curae&faucibus=donec&orci=pharetra&luctus=magna&et=vestibulum&ultrices=aliquet&posuere=ultrices&cubilia=erat&curae=tortor&nulla=sollicitudin&dapibus=mi&dolor=sit&vel=amet&est=lobortis&donec=sapien&odio=sapien&justo=non&sollicitudin=mi&ut=integer&suscipit=ac&a=neque&feugiat=duis&et=bibendum&eros=morbi&vestibulum=non&ac=quam&est=nec&lacinia=dui&nisi=luctus&venenatis=rutrum&tristique=nulla&fusce=tellus&congue=in&diam=sagittis&id=dui&ornare=vel&imperdiet=nisl&sapien=duis&urna=ac&pretium=nibh&nisl=fusce&ut=lacus&volutpat=purus,false,false,true
11,2023-05-16 15:09:00,19,40.59,674,"Vivamus metus arcu, adipiscing molestie, hendrerit at, vulputate vitae, nisl. Aenean lectus. Pellentesque eget nunc. Donec quis orci eget orci vehicula condimentum. Curabitur in libero ut massa volutpat convallis. Morbi odio odio, elementum eu, interdum eu, tincidunt in, leo.",http://tuttocitta.it/vehicula/condimentum.html?enim=nec&in=molestie&tempor=sed&turpis=justo&nec=pellentesque&euismod=viverra&scelerisque=pede&quam=ac&turpis=diam&adipiscing=cras&lorem=pellentesque&vitae=volutpat&mattis=dui&nibh=maecenas&ligula=tristique&nec=est&sem=et&duis=tempus&aliquam=semper&convallis=est&nunc=quam&proin=pharetra&at=magna&turpis=ac&a=consequat&pede=metus&posuere=sapien&nonummy=ut&integer=nunc&non=vestibulum&velit=ante&donec=ipsum&diam=primis&neque=in&vestibulum=faucibus&eget=orci&vulputate=luctus&ut=et&ultrices=ultrices&vel=posuere&augue=cubilia&vestibulum=curae&ante=mauris&ipsum=viverra&primis=diam&in=vitae&faucibus=quam&orci=suspendisse&luctus=potenti&et=nullam&ultrices=porttitor&posuere=lacus,https://addtoany.com/sit/amet/nulla/quisque.png?id=sapien&lobortis=sapien&convallis=non&tortor=mi&risus=integer&dapibus=ac&augue=neque&vel=duis&accumsan=bibendum&tellus=morbi&nisi=non&eu=quam&orci=nec&mauris=dui&lacinia=luctus&sapien=rutrum&quis=nulla&libero=tellus&nullam=in&sit=sagittis&amet=dui&turpis=vel&elementum=nisl&ligula=duis&vehicula=ac&consequat=nibh&morbi=fusce&a=lacus&ipsum=purus&integer=aliquet&a=at&nibh=feugiat&in=non&quis=pretium&justo=quis&maecenas=lectus&rhoncus=suspendisse&aliquam=potenti&lacus=in&morbi=eleifend&quis=quam&tortor=a&id=odio&nulla=in&ultrices=hac&aliquet=habitasse&maecenas=platea&leo=dictumst&odio=maecenas&condimentum=ut&id=massa&luctus=quis&nec=augue&molestie=luctus&sed=tincidunt&justo=nulla&pellentesque=mollis&viverra=molestie&pede=lorem&ac=quisque&diam=ut&cras=erat&pellentesque=curabitur&volutpat=gravida,false,false,true
12,2023-02-07 13:48:32,13,26.01,688,"Ut tellus. Nulla ut erat id mauris vulputate elementum. Nullam varius. Nulla facilisi. Cras non velit nec nisi vulputate nonummy. Maecenas tincidunt lacus at velit. Vivamus vel nulla eget eros elementum pellentesque. Quisque porta volutpat erat. Quisque erat eros, viverra eget, congue eget, semper rutrum, nulla.",http://apache.org/ut.js?nullam=amet&sit=eros&amet=suspendisse&turpis=accumsan&elementum=tortor&ligula=quis&vehicula=turpis&consequat=sed&morbi=ante&a=vivamus&ipsum=tortor&integer=duis&a=mattis&nibh=egestas&in=metus&quis=aenean&justo=fermentum&maecenas=donec&rhoncus=ut&aliquam=mauris&lacus=eget&morbi=massa&quis=tempor&tortor=convallis&id=nulla&nulla=neque,https://globo.com/molestie/hendrerit/at/vulputate/vitae/nisl.png?praesent=elit&blandit=proin&lacinia=risus&erat=praesent&vestibulum=lectus&sed=vestibulum&magna=quam&at=sapien&nunc=varius&commodo=ut&placerat=blandit&praesent=non&blandit=interdum&nam=in&nulla=ante&integer=vestibulum&pede=ante&justo=ipsum&lacinia=primis&eget=in&tincidunt=faucibus&eget=orci&tempus=luctus&vel=et&pede=ultrices&morbi=posuere&porttitor=cubilia&lorem=curae&id=duis&ligula=faucibus&suspendisse=accumsan&ornare=odio&consequat=curabitur&lectus=convallis&in=duis&est=consequat&risus=dui&auctor=nec&sed=nisi&tristique=volutpat&in=eleifend&tempus=donec&sit=ut&amet=dolor&sem=morbi&fusce=vel&consequat=lectus&nulla=in&nisl=quam&nunc=fringilla&nisl=rhoncus&duis=mauris&bibendum=enim&felis=leo&sed=rhoncus&interdum=sed&venenatis=vestibulum&turpis=sit&enim=amet&blandit=cursus&mi=id&in=turpis&porttitor=integer&pede=aliquet&justo=massa&eu=id&massa=lobortis&donec=convallis&dapibus=tortor&duis=risus&at=dapibus&velit=augue&eu=vel&est=accumsan&congue=tellus&elementum=nisi,false,false,false
13,2022-06-26 17:40:50,8,42.67,859,"Donec ut mauris eget massa tempor convallis. Nulla neque libero, convallis eget, eleifend luctus, ultricies eu, nibh. Quisque id justo sit amet sapien dignissim vestibulum. Vestibulum ante ipsum primis in faucibus orci luctus et ultrices posuere cubilia Curae; Nulla dapibus dolor vel est. Donec odio justo, sollicitudin ut, suscipit a, feugiat et, eros. Vestibulum ac est lacinia nisi venenatis tristique. Fusce congue, diam id ornare imperdiet, sapien urna pretium nisl, ut volutpat sapien arcu sed augue. Aliquam erat volutpat.",https://csmonitor.com/vulputate/vitae/nisl.xml?duis=nunc&bibendum=proin&morbi=at&non=turpis&quam=a&nec=pede&dui=posuere&luctus=nonummy&rutrum=integer&nulla=non&tellus=velit&in=donec&sagittis=diam&dui=neque&vel=vestibulum&nisl=eget&duis=vulputate&ac=ut&nibh=ultrices&fusce=vel&lacus=augue&purus=vestibulum&aliquet=ante&at=ipsum&feugiat=primis&non=in&pretium=faucibus&quis=orci&lectus=luctus&suspendisse=et&potenti=ultrices&in=posuere&eleifend=cubilia&quam=curae&a=donec,https://opera.com/tortor.html?a=vel&pede=enim&posuere=sit&nonummy=amet&integer=nunc&non=viverra&velit=dapibus&donec=nulla&diam=suscipit&neque=ligula&vestibulum=in&eget=lacus&vulputate=curabitur&ut=at&ultrices=ipsum&vel=ac&augue=tellus&vestibulum=semper&ante=interdum&ipsum=mauris&primis=ullamcorper&in=purus&faucibus=sit&orci=amet&luctus=nulla&et=quisque&ultrices=arcu&posuere=libero&cubilia=rutrum&curae=ac,true,true,false
14,2022-09-20 16:43:48,11,28.45,522,"In sagittis dui vel nisl. Duis ac nibh. Fusce lacus purus, aliquet at, feugiat non, pretium quis, lectus. Suspendisse potenti. In eleifend quam a odio. In hac habitasse platea dictumst. Maecenas ut massa quis augue luctus tincidunt. Nulla mollis molestie lorem. Quisque ut erat. Curabitur gravida nisi at nibh.",http://jiathis.com/ac/tellus.png?quis=nunc&turpis=donec&sed=quis&ante=orci&vivamus=eget&tortor=orci&duis=vehicula&mattis=condimentum&egestas=curabitur&metus=in&aenean=libero&fermentum=ut&donec=massa&ut=volutpat&mauris=convallis&eget=morbi&massa=odio&tempor=odio&convallis=elementum&nulla=eu&neque=interdum&libero=eu&convallis=tincidunt&eget=in&eleifend=leo&luctus=maecenas&ultricies=pulvinar&eu=lobortis&nibh=est&quisque=phasellus&id=sit&justo=amet&sit=erat&amet=nulla&sapien=tempus&dignissim=vivamus&vestibulum=in&vestibulum=felis&ante=eu&ipsum=sapien&primis=cursus&in=vestibulum&faucibus=proin&orci=eu&luctus=mi&et=nulla&ultrices=ac&posuere=enim&cubilia=in&curae=tempor&nulla=turpis&dapibus=nec&dolor=euismod&vel=scelerisque&est=quam&donec=turpis&odio=adipiscing&justo=lorem&sollicitudin=vitae&ut=mattis&suscipit=nibh&a=ligula&feugiat=nec&et=sem&eros=duis&vestibulum=aliquam&ac=convallis&est=nunc&lacinia=proin&nisi=at&venenatis=turpis&tristique=a&fusce=pede&congue=posuere&diam=nonummy&id=integer&ornare=non&imperdiet=velit&sapien=donec&urna=diam&pretium=neque&nisl=vestibulum&ut=eget&volutpat=vulputate,https://newyorker.com/pede/justo/eu/massa/donec/dapibus.jpg?nibh=nibh&ligula=in&nec=lectus&sem=pellentesque&duis=at&aliquam=nulla&convallis=suspendisse&nunc=potenti&proin=cras&at=in&turpis=purus&a=eu&pede=magna&posuere=vulputate&nonummy=luctus&integer=cum&non=sociis&velit=natoque&donec=penatibus&diam=et&neque=magnis&vestibulum=dis&eget=parturient&vulputate=montes&ut=nascetur&ultrices=ridiculus&vel=mus&augue=vivamus&vestibulum=vestibulum&ante=sagittis&ipsum=sapien&primis=cum&in=sociis&faucibus=natoque&orci=penatibus&luctus=et&et=magnis&ultrices=dis&posuere=parturient&cubilia=montes&curae=nascetur&donec=ridiculus&pharetra=mus&magna=etiam&vestibulum=vel&aliquet=augue&ultrices=vestibulum&erat=rutrum&tortor=rutrum&sollicitudin=neque&mi=aenean&sit=auctor&amet=gravida&lobortis=sem&sapien=praesent&sapien=id&non=massa&mi=id&integer=nisl&ac=venenatis&neque=lacinia&duis=aenean&bibendum=sit&morbi=amet&non=justo&quam=morbi&nec=ut&dui=odio&luctus=cras&rutrum=mi&nulla=pede&tellus=malesuada&in=in&sagittis=imperdiet&dui=et&vel=commodo&nisl=vulputate&duis=justo&ac=in&nibh=blandit&fusce=ultrices&lacus=enim&purus=lorem&aliquet=ipsum&at=dolor&feugiat=sit&non=amet&pretium=consectetuer&quis=adipiscing&lectus=elit&suspendisse=proin&potenti=interdum&in=mauris&eleifend=non&quam=ligula&a=pellentesque&odio=ultrices&in=phasellus&hac=id,false,true,true
15,2022-12-03 23:17:17,8,7.78,715,Aenean auctor gravida sem. Praesent id massa id nisl venenatis lacinia. Aenean sit amet justo. Morbi ut odio.,https://unblog.fr/odio/in.xml?porttitor=quam&id=pede&consequat=lobortis&in=ligula&consequat=sit&ut=amet&nulla=eleifend&sed=pede&accumsan=libero&felis=quis&ut=orci&at=nullam&dolor=molestie&quis=nibh&odio=in&consequat=lectus&varius=pellentesque&integer=at&ac=nulla&leo=suspendisse&pellentesque=potenti&ultrices=cras&mattis=in&odio=purus&donec=eu&vitae=magna&nisi=vulputate&nam=luctus&ultrices=cum&libero=sociis&non=natoque&mattis=penatibus&pulvinar=et&nulla=magnis&pede=dis&ullamcorper=parturient&augue=montes&a=nascetur,http://nature.com/imperdiet/sapien.js?curae=morbi&duis=non&faucibus=quam&accumsan=nec&odio=dui&curabitur=luctus&convallis=rutrum&duis=nulla&consequat=tellus&dui=in&nec=sagittis&nisi=dui&volutpat=vel&eleifend=nisl&donec=duis&ut=ac&dolor=nibh&morbi=fusce&vel=lacus&lectus=purus&in=aliquet&quam=at&fringilla=feugiat&rhoncus=non&mauris=pretium&enim=quis&leo=lectus,true,false,true
16,2022-08-13 22:39:59,7,4.03,638,"Integer ac neque. Duis bibendum. Morbi non quam nec dui luctus rutrum. Nulla tellus. In sagittis dui vel nisl. Duis ac nibh. Fusce lacus purus, aliquet at, feugiat non, pretium quis, lectus.",https://github.com/suspendisse/ornare.aspx?integer=morbi&aliquet=odio&massa=odio&id=elementum&lobortis=eu&convallis=interdum&tortor=eu&risus=tincidunt&dapibus=in&augue=leo&vel=maecenas&accumsan=pulvinar&tellus=lobortis&nisi=est&eu=phasellus&orci=sit&mauris=amet&lacinia=erat&sapien=nulla&quis=tempus&libero=vivamus&nullam=in&sit=felis&amet=eu&turpis=sapien&elementum=cursus&ligula=vestibulum&vehicula=proin&consequat=eu,http://nature.com/vivamus/in/felis/eu.jpg?bibendum=integer&felis=ac&sed=leo&interdum=pellentesque&venenatis=ultrices&turpis=mattis&enim=odio&blandit=donec&mi=vitae&in=nisi&porttitor=nam&pede=ultrices&justo=libero&eu=non&massa=mattis&donec=pulvinar&dapibus=nulla&duis=pede&at=ullamcorper&velit=augue&eu=a&est=suscipit&congue=nulla&elementum=elit&in=ac&hac=nulla&habitasse=sed&platea=vel&dictumst=enim&morbi=sit&vestibulum=amet&velit=nunc&id=viverra&pretium=dapibus&iaculis=nulla&diam=suscipit&erat=ligula&fermentum=in&justo=lacus&nec=curabitur&condimentum=at&neque=ipsum&sapien=ac&placerat=tellus&ante=semper&nulla=interdum&justo=mauris&aliquam=ullamcorper&quis=purus&turpis=sit&eget=amet&elit=nulla&sodales=quisque&scelerisque=arcu&mauris=libero&sit=rutrum,false,false,false
17,2022-09-19 23:42:09,12,73.34,792,"Lorem ipsum dolor sit amet, consectetuer adipiscing elit. Proin interdum mauris non ligula pellentesque ultrices. Phasellus id sapien in sapien iaculis congue. Vivamus metus arcu, adipiscing molestie, hendrerit at, vulputate vitae, nisl. Aenean lectus. Pellentesque eget nunc. Donec quis orci eget orci vehicula condimentum. Curabitur in libero ut massa volutpat convallis. Morbi odio odio, elementum eu, interdum eu, tincidunt in, leo.",http://google.de/sem/fusce/consequat/nulla/nisl/nunc/nisl.aspx?elit=pede&proin=posuere&risus=nonummy&praesent=integer&lectus=non&vestibulum=velit&quam=donec&sapien=diam&varius=neque&ut=vestibulum&blandit=eget&non=vulputate&interdum=ut&in=ultrices&ante=vel,https://cpanel.net/platea/dictumst/etiam/faucibus/cursus/urna/ut.png?egestas=est&metus=donec&aenean=odio&fermentum=justo&donec=sollicitudin&ut=ut&mauris=suscipit&eget=a&massa=feugiat&tempor=et&convallis=eros&nulla=vestibulum&neque=ac&libero=est&convallis=lacinia&eget=nisi&eleifend=venenatis&luctus=tristique&ultricies=fusce&eu=congue&nibh=diam&quisque=id&id=ornare&justo=imperdiet&sit=sapien&amet=urna&sapien=pretium&dignissim=nisl&vestibulum=ut&vestibulum=volutpat&ante=sapien&ipsum=arcu&primis=sed&in=augue&faucibus=aliquam&orci=erat&luctus=volutpat&et=in&ultrices=congue&posuere=etiam&cubilia=justo&curae=etiam&nulla=pretium&dapibus=iaculis&dolor=justo&vel=in&est=hac&donec=habitasse&odio=platea&justo=dictumst&sollicitudin=etiam&ut=faucibus&suscipit=cursus&a=urna&feugiat=ut&et=tellus&eros=nulla&vestibulum=ut&ac=erat&est=id&lacinia=mauris&nisi=vulputate&venenatis=elementum&tristique=nullam&fusce=varius&congue=nulla&diam=facilisi&id=cras&ornare=non&imperdiet=velit&sapien=nec&urna=nisi&pretium=vulputate&nisl=nonummy&ut=maecenas&volutpat=tincidunt&sapien=lacus&arcu=at&sed=velit&augue=vivamus&aliquam=vel&erat=nulla&volutpat=eget&in=eros&congue=elementum&etiam=pellentesque&justo=quisque&etiam=porta&pretium=volutpat&iaculis=erat&justo=quisque&in=erat&hac=eros&habitasse=viverra,true,false,false
18,2022-09-30 19:57:05,13,79.82,999,"Maecenas rhoncus aliquam lacus. Morbi quis tortor id nulla ultrices aliquet. Maecenas leo odio, condimentum id, luctus nec, molestie sed, justo.",http://unicef.org/suspendisse.html?eget=suspendisse&vulputate=potenti&ut=cras&ultrices=in&vel=purus&augue=eu&vestibulum=magna&ante=vulputate&ipsum=luctus&primis=cum&in=sociis&faucibus=natoque&orci=penatibus&luctus=et&et=magnis&ultrices=dis&posuere=parturient&cubilia=montes&curae=nascetur&donec=ridiculus&pharetra=mus&magna=vivamus&vestibulum=vestibulum&aliquet=sagittis&ultrices=sapien&erat=cum&tortor=sociis&sollicitudin=natoque&mi=penatibus&sit=et&amet=magnis&lobortis=dis&sapien=parturient&sapien=montes&non=nascetur&mi=ridiculus&integer=mus&ac=etiam&neque=vel&duis=augue&bibendum=vestibulum&morbi=rutrum&non=rutrum&quam=neque&nec=aenean&dui=auctor&luctus=gravida&rutrum=sem&nulla=praesent&tellus=id&in=massa&sagittis=id&dui=nisl&vel=venenatis&nisl=lacinia&duis=aenean&ac=sit&nibh=amet&fusce=justo&lacus=morbi&purus=ut&aliquet=odio&at=cras&feugiat=mi,http://google.it/vitae/nisi/nam.js?cubilia=in&curae=hac&nulla=habitasse&dapibus=platea&dolor=dictumst&vel=etiam&est=faucibus&donec=cursus&odio=urna&justo=ut,true,false,true
19,2022-07-24 05:55:23,5,12.37,918,Nulla tellus. In sagittis dui vel nisl.,https://dropbox.com/massa/tempor/convallis.js?id=quisque&nisl=erat&venenatis=eros&lacinia=viverra&aenean=eget&sit=congue&amet=eget&justo=semper&morbi=rutrum&ut=nulla&odio=nunc&cras=purus&mi=phasellus&pede=in&malesuada=felis&in=donec&imperdiet=semper&et=sapien&commodo=a&vulputate=libero&justo=nam&in=dui&blandit=proin&ultrices=leo&enim=odio&lorem=porttitor&ipsum=id&dolor=consequat&sit=in&amet=consequat&consectetuer=ut&adipiscing=nulla&elit=sed&proin=accumsan&interdum=felis&mauris=ut&non=at&ligula=dolor&pellentesque=quis&ultrices=odio&phasellus=consequat&id=varius&sapien=integer&in=ac&sapien=leo,http://huffingtonpost.com/ipsum/primis/in.xml?in=commodo&tempor=placerat&turpis=praesent&nec=blandit&euismod=nam&scelerisque=nulla&quam=integer&turpis=pede&adipiscing=justo&lorem=lacinia&vitae=eget&mattis=tincidunt&nibh=eget&ligula=tempus&nec=vel&sem=pede&duis=morbi&aliquam=porttitor&convallis=lorem&nunc=id&proin=ligula&at=suspendisse&turpis=ornare&a=consequat&pede=lectus&posuere=in&nonummy=est&integer=risus&non=auctor&velit=sed&donec=tristique&diam=in&neque=tempus&vestibulum=sit&eget=amet&vulputate=sem&ut=fusce&ultrices=consequat&vel=nulla&augue=nisl&vestibulum=nunc&ante=nisl&ipsum=duis&primis=bibendum&in=felis&faucibus=sed&orci=interdum&luctus=venenatis&et=turpis&ultrices=enim&posuere=blandit&cubilia=mi&curae=in&donec=porttitor&pharetra=pede&magna=justo&vestibulum=eu&aliquet=massa&ultrices=donec&erat=dapibus&tortor=duis&sollicitudin=at&mi=velit&sit=eu&amet=est&lobortis=congue&sapien=elementum&sapien=in&non=hac&mi=habitasse&integer=platea&ac=dictumst&neque=morbi&duis=vestibulum&bibendum=velit&morbi=id&non=pretium&quam=iaculis&nec=diam&dui=erat&luctus=fermentum&rutrum=justo&nulla=nec&tellus=condimentum&in=neque&sagittis=sapien&dui=placerat&vel=ante&nisl=nulla&duis=justo&ac=aliquam,false,true,true
20,2023-04-12 11:52:58,6,7.13,603,"Curabitur gravida nisi at nibh. In hac habitasse platea dictumst. Aliquam augue quam, sollicitudin vitae, consectetuer eget, rutrum at, lorem. Integer tincidunt ante vel ipsum. Praesent blandit lacinia erat. Vestibulum sed magna at nunc commodo placerat. Praesent blandit. Nam nulla. Integer pede justo, lacinia eget, tincidunt eget, tempus vel, pede. Morbi porttitor lorem id ligula.",http://cpanel.net/lacinia/nisi/venenatis/tristique/fusce/congue.jsp?convallis=turpis&tortor=sed&risus=ante&dapibus=vivamus&augue=tortor&vel=duis&accumsan=mattis&tellus=egestas&nisi=metus&eu=aenean&orci=fermentum&mauris=donec&lacinia=ut&sapien=mauris&quis=eget&libero=massa&nullam=tempor&sit=convallis&amet=nulla&turpis=neque&elementum=libero&ligula=convallis&vehicula=eget&consequat=eleifend&morbi=luctus&a=ultricies&ipsum=eu&integer=nibh&a=quisque&nibh=id&in=justo&quis=sit&justo=amet&maecenas=sapien&rhoncus=dignissim&aliquam=vestibulum&lacus=vestibulum&morbi=ante&quis=ipsum&tortor=primis&id=in&nulla=faucibus&ultrices=orci&aliquet=luctus&maecenas=et&leo=ultrices&odio=posuere&condimentum=cubilia&id=curae&luctus=nulla&nec=dapibus&molestie=dolor&sed=vel&justo=est&pellentesque=donec&viverra=odio&pede=justo&ac=sollicitudin&diam=ut&cras=suscipit&pellentesque=a&volutpat=feugiat&dui=et&maecenas=eros&tristique=vestibulum&est=ac&et=est&tempus=lacinia&semper=nisi&est=venenatis&quam=tristique&pharetra=fusce&magna=congue&ac=diam&consequat=id&metus=ornare&sapien=imperdiet&ut=sapien&nunc=urna&vestibulum=pretium&ante=nisl&ipsum=ut&primis=volutpat&in=sapien&faucibus=arcu&orci=sed&luctus=augue&et=aliquam&ultrices=erat,https://i2i.jp/in.json?sed=in&magna=tempor&at=turpis&nunc=nec&commodo=euismod&placerat=scelerisque&praesent=quam&blandit=turpis&nam=adipiscing&nulla=lorem&integer=vitae&pede=mattis&justo=nibh&lacinia=ligula&eget=nec&tincidunt=sem&eget=duis&tempus=aliquam&vel=convallis&pede=nunc&morbi=proin&porttitor=at&lorem=turpis&id=a&ligula=pede&suspendisse=posuere&ornare=nonummy&consequat=integer&lectus=non&in=velit&est=donec&risus=diam&auctor=neque&sed=vestibulum&tristique=eget&in=vulputate&tempus=ut&sit=ultrices&amet=vel&sem=augue&fusce=vestibulum&consequat=ante&nulla=ipsum&nisl=primis&nunc=in&nisl=faucibus&duis=orci&bibendum=luctus,false,false,true
21,2022-12-30 12:47:02,2,31.44,554,"Lorem ipsum dolor sit amet, consectetuer adipiscing elit. Proin risus. Praesent lectus.",http://w3.org/libero/quis/orci/nullam/molestie/nibh/in.png?sed=curabitur&nisl=gravida&nunc=nisi&rhoncus=at&dui=nibh&vel=in&sem=hac&sed=habitasse&sagittis=platea&nam=dictumst&congue=aliquam&risus=augue&semper=quam&porta=sollicitudin&volutpat=vitae&quam=consectetuer&pede=eget&lobortis=rutrum&ligula=at&sit=lorem&amet=integer&eleifend=tincidunt&pede=ante&libero=vel&quis=ipsum&orci=praesent&nullam=blandit&molestie=lacinia&nibh=erat&in=vestibulum&lectus=sed&pellentesque=magna&at=at&nulla=nunc&suspendisse=commodo&potenti=placerat&cras=praesent&in=blandit&purus=nam&eu=nulla&magna=integer&vulputate=pede&luctus=justo&cum=lacinia&sociis=eget&natoque=tincidunt&penatibus=eget&et=tempus&magnis=vel&dis=pede&parturient=morbi&montes=porttitor&nascetur=lorem&ridiculus=id&mus=ligula&vivamus=suspendisse&vestibulum=ornare&sagittis=consequat&sapien=lectus,http://yale.edu/et/commodo/vulputate.png?accumsan=pellentesque&odio=volutpat&curabitur=dui&convallis=maecenas&duis=tristique&consequat=est&dui=et&nec=tempus&nisi=semper&volutpat=est&eleifend=quam&donec=pharetra&ut=magna&dolor=ac&morbi=consequat&vel=metus&lectus=sapien&in=ut&quam=nunc&fringilla=vestibulum&rhoncus=ante&mauris=ipsum&enim=primis&leo=in&rhoncus=faucibus&sed=orci&vestibulum=luctus&sit=et&amet=ultrices&cursus=posuere&id=cubilia&turpis=curae&integer=mauris&aliquet=viverra&massa=diam&id=vitae&lobortis=quam&convallis=suspendisse&tortor=potenti&risus=nullam&dapibus=porttitor&augue=lacus&vel=at&accumsan=turpis&tellus=donec&nisi=posuere&eu=metus&orci=vitae&mauris=ipsum&lacinia=aliquam&sapien=non&quis=mauris&libero=morbi&nullam=non&sit=lectus&amet=aliquam,true,true,false
22,2022-07-28 21:39:05,7,82.35,960,"Morbi odio odio, elementum eu, interdum eu, tincidunt in, leo. Maecenas pulvinar lobortis est. Phasellus sit amet erat. Nulla tempus. Vivamus in felis eu sapien cursus vestibulum. Proin eu mi.",https://time.com/consequat/ut/nulla/sed/accumsan/felis/ut.json?sollicitudin=natoque&vitae=penatibus&consectetuer=et&eget=magnis&rutrum=dis&at=parturient&lorem=montes&integer=nascetur&tincidunt=ridiculus&ante=mus&vel=vivamus&ipsum=vestibulum&praesent=sagittis&blandit=sapien&lacinia=cum&erat=sociis&vestibulum=natoque&sed=penatibus&magna=et&at=magnis&nunc=dis&commodo=parturient&placerat=montes&praesent=nascetur&blandit=ridiculus&nam=mus&nulla=etiam&integer=vel&pede=augue&justo=vestibulum&lacinia=rutrum&eget=rutrum&tincidunt=neque&eget=aenean&tempus=auctor&vel=gravida&pede=sem&morbi=praesent&porttitor=id&lorem=massa&id=id&ligula=nisl&suspendisse=venenatis&ornare=lacinia&consequat=aenean&lectus=sit&in=amet&est=justo&risus=morbi&auctor=ut&sed=odio&tristique=cras&in=mi&tempus=pede&sit=malesuada&amet=in,http://ehow.com/porttitor/id/consequat/in.aspx?magna=consectetuer&ac=adipiscing&consequat=elit&metus=proin&sapien=interdum&ut=mauris&nunc=non&vestibulum=ligula&ante=pellentesque&ipsum=ultrices&primis=phasellus&in=id,false,false,true
23,2023-01-08 12:38:56,4,5.26,927,Nulla mollis molestie lorem. Quisque ut erat. Curabitur gravida nisi at nibh. In hac habitasse platea dictumst.,http://businessinsider.com/felis/sed/lacus/morbi/sem/mauris/laoreet.png?lacus=duis&at=bibendum&velit=morbi&vivamus=non&vel=quam&nulla=nec&eget=dui&eros=luctus&elementum=rutrum&pellentesque=nulla&quisque=tellus&porta=in&volutpat=sagittis&erat=dui&quisque=vel&erat=nisl&eros=duis&viverra=ac&eget=nibh&congue=fusce&eget=lacus&semper=purus&rutrum=aliquet&nulla=at&nunc=feugiat&purus=non&phasellus=pretium&in=quis&felis=lectus&donec=suspendisse&semper=potenti&sapien=in&a=eleifend&libero=quam&nam=a&dui=odio&proin=in&leo=hac&odio=habitasse&porttitor=platea&id=dictumst&consequat=maecenas&in=ut&consequat=massa&ut=quis&nulla=augue&sed=luctus&accumsan=tincidunt&felis=nulla&ut=mollis&at=molestie&dolor=lorem&quis=quisque&odio=ut&consequat=erat&varius=curabitur&integer=gravida&ac=nisi&leo=at&pellentesque=nibh&ultrices=in&mattis=hac&odio=habitasse&donec=platea&vitae=dictumst&nisi=aliquam&nam=augue&ultrices=quam&libero=sollicitudin&non=vitae&mattis=consectetuer&pulvinar=eget&nulla=rutrum&pede=at&ullamcorper=lorem&augue=integer&a=tincidunt&suscipit=ante&nulla=vel&elit=ipsum&ac=praesent&nulla=blandit&sed=lacinia&vel=erat&enim=vestibulum&sit=sed&amet=magna&nunc=at&viverra=nunc&dapibus=commodo&nulla=placerat&suscipit=praesent&ligula=blandit&in=nam&lacus=nulla,https://printfriendly.com/id/lobortis/convallis.js?nunc=nulla&nisl=ac&duis=enim&bibendum=in&felis=tempor&sed=turpis&interdum=nec&venenatis=euismod&turpis=scelerisque&enim=quam&blandit=turpis&mi=adipiscing&in=lorem&porttitor=vitae&pede=mattis&justo=nibh&eu=ligula&massa=nec&donec=sem&dapibus=duis&duis=aliquam&at=convallis&velit=nunc&eu=proin&est=at&congue=turpis&elementum=a&in=pede&hac=posuere&habitasse=nonummy&platea=integer&dictumst=non&morbi=velit&vestibulum=donec&velit=diam&id=neque&pretium=vestibulum,false,false,true
24,2022-11-12 19:55:56,8,45.22,956,Aenean fermentum.,https://dropbox.com/imperdiet/nullam/orci/pede/venenatis.jpg?a=lacus&ipsum=purus&integer=aliquet&a=at&nibh=feugiat&in=non&quis=pretium&justo=quis&maecenas=lectus&rhoncus=suspendisse&aliquam=potenti&lacus=in&morbi=eleifend&quis=quam&tortor=a&id=odio&nulla=in&ultrices=hac&aliquet=habitasse&maecenas=platea&leo=dictumst&odio=maecenas&condimentum=ut&id=massa&luctus=quis&nec=augue&molestie=luctus&sed=tincidunt&justo=nulla&pellentesque=mollis&viverra=molestie&pede=lorem&ac=quisque&diam=ut&cras=erat&pellentesque=curabitur&volutpat=gravida&dui=nisi&maecenas=at&tristique=nibh&est=in&et=hac&tempus=habitasse&semper=platea&est=dictumst&quam=aliquam&pharetra=augue&magna=quam&ac=sollicitudin&consequat=vitae&metus=consectetuer&sapien=eget&ut=rutrum&nunc=at&vestibulum=lorem&ante=integer&ipsum=tincidunt&primis=ante&in=vel&faucibus=ipsum&orci=praesent&luctus=blandit&et=lacinia&ultrices=erat&posuere=vestibulum&cubilia=sed&curae=magna&mauris=at&viverra=nunc&diam=commodo&vitae=placerat&quam=praesent&suspendisse=blandit&potenti=nam&nullam=nulla&porttitor=integer&lacus=pede&at=justo&turpis=lacinia&donec=eget&posuere=tincidunt&metus=eget&vitae=tempus&ipsum=vel&aliquam=pede&non=morbi&mauris=porttitor&morbi=lorem,http://cdc.gov/est/risus/auctor/sed/tristique/in/tempus.jsp?ultrices=varius&aliquet=nulla&maecenas=facilisi&leo=cras&odio=non&condimentum=velit&id=nec&luctus=nisi&nec=vulputate&molestie=nonummy&sed=maecenas&justo=tincidunt&pellentesque=lacus&viverra=at&pede=velit&ac=vivamus&diam=vel&cras=nulla&pellentesque=eget&volutpat=eros&dui=elementum&maecenas=pellentesque&tristique=quisque&est=porta&et=volutpat&tempus=erat&semper=quisque&est=erat&quam=eros&pharetra=viverra&magna=eget&ac=congue&consequat=eget&metus=semper&sapien=rutrum&ut=nulla&nunc=nunc&vestibulum=purus&ante=phasellus&ipsum=in&primis=felis&in=donec&faucibus=semper&orci=sapien&luctus=a&et=libero&ultrices=nam&posuere=dui&cubilia=proin&curae=leo&mauris=odio&viverra=porttitor&diam=id&vitae=consequat&quam=in&suspendisse=consequat&potenti=ut&nullam=nulla&porttitor=sed&lacus=accumsan&at=felis&turpis=ut&donec=at&posuere=dolor&metus=quis&vitae=odio&ipsum=consequat&aliquam=varius&non=integer&mauris=ac&morbi=leo&non=pellentesque&lectus=ultrices&aliquam=mattis&sit=odio&amet=donec&diam=vitae&in=nisi&magna=nam&bibendum=ultrices&imperdiet=libero&nullam=non&orci=mattis&pede=pulvinar&venenatis=nulla&non=pede&sodales=ullamcorper&sed=augue&tincidunt=a&eu=suscipit&felis=nulla&fusce=elit,false,true,true
25,2022-06-06 02:57:21,9,10.48,891,"Proin interdum mauris non ligula pellentesque ultrices. Phasellus id sapien in sapien iaculis congue. Vivamus metus arcu, adipiscing molestie, hendrerit at, vulputate vitae, nisl.",https://oracle.com/sodales/scelerisque/mauris/sit.jsp?pulvinar=at&sed=dolor,http://fema.gov/bibendum/morbi/non.png?eleifend=eget&quam=eros&a=elementum&odio=pellentesque&in=quisque&hac=porta&habitasse=volutpat&platea=erat&dictumst=quisque&maecenas=erat&ut=eros&massa=viverra&quis=eget&augue=congue&luctus=eget&tincidunt=semper&nulla=rutrum&mollis=nulla&molestie=nunc,false,false,true
26,2023-01-19 13:55:32,16,54.69,904,Ut tellus. Nulla ut erat id mauris vulputate elementum.,https://hao123.com/hac/habitasse/platea.aspx?commodo=elementum&vulputate=in&justo=hac&in=habitasse&blandit=platea&ultrices=dictumst&enim=morbi&lorem=vestibulum&ipsum=velit&dolor=id&sit=pretium&amet=iaculis&consectetuer=diam&adipiscing=erat&elit=fermentum&proin=justo&interdum=nec&mauris=condimentum&non=neque&ligula=sapien&pellentesque=placerat&ultrices=ante&phasellus=nulla&id=justo&sapien=aliquam&in=quis&sapien=turpis&iaculis=eget&congue=elit&vivamus=sodales&metus=scelerisque&arcu=mauris&adipiscing=sit&molestie=amet&hendrerit=eros&at=suspendisse&vulputate=accumsan&vitae=tortor&nisl=quis&aenean=turpis&lectus=sed&pellentesque=ante&eget=vivamus&nunc=tortor&donec=duis&quis=mattis&orci=egestas&eget=metus&orci=aenean&vehicula=fermentum&condimentum=donec&curabitur=ut&in=mauris&libero=eget&ut=massa&massa=tempor&volutpat=convallis&convallis=nulla&morbi=neque&odio=libero&odio=convallis&elementum=eget,https://ucsd.edu/nam/congue/risus/semper.json?eu=egestas&orci=metus&mauris=aenean&lacinia=fermentum&sapien=donec&quis=ut&libero=mauris&nullam=eget&sit=massa&amet=tempor&turpis=convallis&elementum=nulla&ligula=neque&vehicula=libero&consequat=convallis&morbi=eget&a=eleifend&ipsum=luctus&integer=ultricies&a=eu&nibh=nibh&in=quisque&quis=id&justo=justo&maecenas=sit&rhoncus=amet&aliquam=sapien&lacus=dignissim&morbi=vestibulum&quis=vestibulum&tortor=ante&id=ipsum&nulla=primis&ultrices=in&aliquet=faucibus&maecenas=orci&leo=luctus&odio=et&condimentum=ultrices&id=posuere&luctus=cubilia&nec=curae&molestie=nulla&sed=dapibus&justo=dolor&pellentesque=vel&viverra=est&pede=donec&ac=odio&diam=justo&cras=sollicitudin&pellentesque=ut&volutpat=suscipit&dui=a&maecenas=feugiat&tristique=et&est=eros&et=vestibulum&tempus=ac&semper=est&est=lacinia&quam=nisi&pharetra=venenatis&magna=tristique&ac=fusce&consequat=congue&metus=diam&sapien=id&ut=ornare&nunc=imperdiet&vestibulum=sapien&ante=urna&ipsum=pretium&primis=nisl&in=ut&faucibus=volutpat&orci=sapien&luctus=arcu&et=sed&ultrices=augue&posuere=aliquam&cubilia=erat&curae=volutpat&mauris=in&viverra=congue&diam=etiam&vitae=justo&quam=etiam&suspendisse=pretium&potenti=iaculis&nullam=justo,false,false,false
27,2022-08-05 16:53:08,7,67.98,901,"Quisque erat eros, viverra eget, congue eget, semper rutrum, nulla. Nunc purus. Phasellus in felis. Donec semper sapien a libero. Nam dui. Proin leo odio, porttitor id, consequat in, consequat ut, nulla. Sed accumsan felis. Ut at dolor quis odio consequat varius. Integer ac leo. Pellentesque ultrices mattis odio.",http://is.gd/vel/accumsan/tellus/nisi/eu/orci.html?donec=blandit&diam=non&neque=interdum&vestibulum=in&eget=ante&vulputate=vestibulum&ut=ante&ultrices=ipsum&vel=primis&augue=in&vestibulum=faucibus&ante=orci&ipsum=luctus&primis=et&in=ultrices&faucibus=posuere&orci=cubilia&luctus=curae&et=duis&ultrices=faucibus&posuere=accumsan&cubilia=odio&curae=curabitur&donec=convallis&pharetra=duis&magna=consequat&vestibulum=dui&aliquet=nec&ultrices=nisi&erat=volutpat&tortor=eleifend&sollicitudin=donec&mi=ut&sit=dolor&amet=morbi&lobortis=vel&sapien=lectus&sapien=in&non=quam&mi=fringilla&integer=rhoncus&ac=mauris&neque=enim&duis=leo&bibendum=rhoncus&morbi=sed&non=vestibulum&quam=sit&nec=amet&dui=cursus&luctus=id&rutrum=turpis&nulla=integer&tellus=aliquet&in=massa&sagittis=id&dui=lobortis&vel=convallis&nisl=tortor&duis=risus&ac=dapibus&nibh=augue&fusce=vel&lacus=accumsan&purus=tellus&aliquet=nisi&at=eu&feugiat=orci&non=mauris&pretium=lacinia&quis=sapien&lectus=quis&suspendisse=libero&potenti=nullam&in=sit&eleifend=amet&quam=turpis&a=elementum&odio=ligula&in=vehicula&hac=consequat&habitasse=morbi&platea=a&dictumst=ipsum&maecenas=integer&ut=a&massa=nibh&quis=in&augue=quis&luctus=justo&tincidunt=maecenas&nulla=rhoncus&mollis=aliquam&molestie=lacus&lorem=morbi&quisque=quis&ut=tortor,http://list-manage.com/consectetuer/adipiscing.xml?dui=curae&nec=duis&nisi=faucibus&volutpat=accumsan&eleifend=odio&donec=curabitur&ut=convallis&dolor=duis&morbi=consequat&vel=dui&lectus=nec&in=nisi&quam=volutpat&fringilla=eleifend&rhoncus=donec&mauris=ut&enim=dolor&leo=morbi&rhoncus=vel&sed=lectus&vestibulum=in&sit=quam&amet=fringilla&cursus=rhoncus&id=mauris&turpis=enim&integer=leo&aliquet=rhoncus&massa=sed&id=vestibulum&lobortis=sit&convallis=amet&tortor=cursus&risus=id&dapibus=turpis&augue=integer&vel=aliquet&accumsan=massa&tellus=id&nisi=lobortis&eu=convallis&orci=tortor&mauris=risus&lacinia=dapibus&sapien=augue&quis=vel,true,true,true
28,2022-12-26 23:14:19,19,78.95,641,Duis bibendum. Morbi non quam nec dui luctus rutrum. Nulla tellus.,https://nasa.gov/nulla/ut.jsp?non=bibendum&velit=felis&donec=sed&diam=interdum&neque=venenatis&vestibulum=turpis&eget=enim&vulputate=blandit&ut=mi&ultrices=in&vel=porttitor&augue=pede&vestibulum=justo&ante=eu&ipsum=massa&primis=donec&in=dapibus&faucibus=duis&orci=at&luctus=velit&et=eu&ultrices=est&posuere=congue&cubilia=elementum&curae=in&donec=hac&pharetra=habitasse&magna=platea&vestibulum=dictumst&aliquet=morbi&ultrices=vestibulum&erat=velit&tortor=id&sollicitudin=pretium&mi=iaculis&sit=diam&amet=erat&lobortis=fermentum&sapien=justo&sapien=nec&non=condimentum&mi=neque&integer=sapien&ac=placerat&neque=ante&duis=nulla&bibendum=justo&morbi=aliquam&non=quis&quam=turpis&nec=eget&dui=elit&luctus=sodales&rutrum=scelerisque&nulla=mauris&tellus=sit&in=amet&sagittis=eros&dui=suspendisse&vel=accumsan&nisl=tortor&duis=quis&ac=turpis&nibh=sed&fusce=ante&lacus=vivamus&purus=tortor&aliquet=duis&at=mattis&feugiat=egestas&non=metus&pretium=aenean&quis=fermentum&lectus=donec&suspendisse=ut&potenti=mauris&in=eget&eleifend=massa&quam=tempor&a=convallis&odio=nulla&in=neque&hac=libero&habitasse=convallis&platea=eget&dictumst=eleifend&maecenas=luctus&ut=ultricies&massa=eu&quis=nibh&augue=quisque&luctus=id,https://oakley.com/justo/eu/massa.jsp?dui=euismod&vel=scelerisque&sem=quam&sed=turpis&sagittis=adipiscing&nam=lorem&congue=vitae&risus=mattis&semper=nibh&porta=ligula&volutpat=nec&quam=sem&pede=duis&lobortis=aliquam&ligula=convallis&sit=nunc&amet=proin&eleifend=at&pede=turpis&libero=a&quis=pede&orci=posuere&nullam=nonummy&molestie=integer&nibh=non&in=velit&lectus=donec&pellentesque=diam&at=neque&nulla=vestibulum&suspendisse=eget&potenti=vulputate,true,false,true
29,2022-06-11 23:22:38,14,6.57,977,Phasellus sit amet erat. Nulla tempus. Vivamus in felis eu sapien cursus vestibulum. Proin eu mi. Nulla ac enim.,http://multiply.com/quis/orci/eget/orci/vehicula/condimentum.aspx?sem=dolor&praesent=sit&id=amet&massa=consectetuer&id=adipiscing&nisl=elit&venenatis=proin&lacinia=risus&aenean=praesent&sit=lectus&amet=vestibulum&justo=quam&morbi=sapien&ut=varius&odio=ut&cras=blandit&mi=non&pede=interdum&malesuada=in&in=ante&imperdiet=vestibulum&et=ante&commodo=ipsum&vulputate=primis&justo=in&in=faucibus&blandit=orci&ultrices=luctus&enim=et&lorem=ultrices&ipsum=posuere&dolor=cubilia&sit=curae&amet=duis&consectetuer=faucibus&adipiscing=accumsan&elit=odio&proin=curabitur&interdum=convallis&mauris=duis&non=consequat&ligula=dui&pellentesque=nec&ultrices=nisi&phasellus=volutpat&id=eleifend&sapien=donec&in=ut&sapien=dolor&iaculis=morbi&congue=vel&vivamus=lectus&metus=in&arcu=quam&adipiscing=fringilla&molestie=rhoncus&hendrerit=mauris&at=enim&vulputate=leo&vitae=rhoncus&nisl=sed&aenean=vestibulum&lectus=sit&pellentesque=amet&eget=cursus&nunc=id&donec=turpis&quis=integer&orci=aliquet&eget=massa&orci=id&vehicula=lobortis&condimentum=convallis&curabitur=tortor&in=risus&libero=dapibus&ut=augue&massa=vel&volutpat=accumsan&convallis=tellus&morbi=nisi&odio=eu&odio=orci&elementum=mauris&eu=lacinia&interdum=sapien&eu=quis&tincidunt=libero,https://tinypic.com/adipiscing/lorem/vitae/mattis.aspx?rhoncus=odio&mauris=donec&enim=vitae,false,false,true
30,2023-05-05 11:48:29,16,8.6,612,Mauris sit amet eros.,http://google.com.au/volutpat/convallis/morbi.html?nunc=id&purus=sapien&phasellus=in&in=sapien&felis=iaculis&donec=congue&semper=vivamus&sapien=metus&a=arcu&libero=adipiscing&nam=molestie&dui=hendrerit&proin=at&leo=vulputate&odio=vitae&porttitor=nisl&id=aenean&consequat=lectus&in=pellentesque&consequat=eget&ut=nunc&nulla=donec&sed=quis&accumsan=orci&felis=eget&ut=orci&at=vehicula&dolor=condimentum&quis=curabitur&odio=in&consequat=libero&varius=ut&integer=massa&ac=volutpat&leo=convallis&pellentesque=morbi&ultrices=odio&mattis=odio&odio=elementum&donec=eu&vitae=interdum&nisi=eu&nam=tincidunt&ultrices=in&libero=leo&non=maecenas&mattis=pulvinar&pulvinar=lobortis&nulla=est&pede=phasellus&ullamcorper=sit&augue=amet&a=erat&suscipit=nulla&nulla=tempus&elit=vivamus&ac=in&nulla=felis&sed=eu&vel=sapien&enim=cursus&sit=vestibulum&amet=proin&nunc=eu&viverra=mi&dapibus=nulla&nulla=ac&suscipit=enim&ligula=in&in=tempor&lacus=turpis&curabitur=nec&at=euismod&ipsum=scelerisque,http://scribd.com/convallis/morbi/odio.html?justo=mi&sollicitudin=in&ut=porttitor&suscipit=pede&a=justo&feugiat=eu&et=massa&eros=donec&vestibulum=dapibus&ac=duis&est=at&lacinia=velit&nisi=eu&venenatis=est&tristique=congue&fusce=elementum&congue=in&diam=hac&id=habitasse&ornare=platea&imperdiet=dictumst&sapien=morbi&urna=vestibulum&pretium=velit&nisl=id&ut=pretium&volutpat=iaculis&sapien=diam&arcu=erat&sed=fermentum&augue=justo&aliquam=nec&erat=condimentum&volutpat=neque&in=sapien&congue=placerat&etiam=ante&justo=nulla&etiam=justo&pretium=aliquam&iaculis=quis&justo=turpis&in=eget&hac=elit&habitasse=sodales&platea=scelerisque&dictumst=mauris&etiam=sit&faucibus=amet&cursus=eros&urna=suspendisse&ut=accumsan&tellus=tortor&nulla=quis&ut=turpis&erat=sed&id=ante&mauris=vivamus&vulputate=tortor&elementum=duis&nullam=mattis&varius=egestas&nulla=metus&facilisi=aenean&cras=fermentum&non=donec&velit=ut&nec=mauris&nisi=eget&vulputate=massa&nonummy=tempor&maecenas=convallis&tincidunt=nulla&lacus=neque&at=libero&velit=convallis&vivamus=eget&vel=eleifend&nulla=luctus&eget=ultricies&eros=eu&elementum=nibh&pellentesque=quisque&quisque=id&porta=justo&volutpat=sit&erat=amet&quisque=sapien&erat=dignissim&eros=vestibulum&viverra=vestibulum&eget=ante&congue=ipsum&eget=primis&semper=in&rutrum=faucibus&nulla=orci&nunc=luctus&purus=et,false,false,false
